user_id,name,age,country
08b2f03e-6960-43e0-a544-9025256ed5be,آنیتا كامياران,73,Iran
29a822c6-4391-4560-a1ba-56d8face0031,حسین سهيلي راد,52,Iran
ace376c5-e89b-4dfb-9632-403b193e00a3,Bernhardine Niemann,46,Germany
05f0a2a0-66d9-46f7-a1b1-0c7ee3c04086,Orhip Samokish,27,Ukraine
b0f00ca0-c723-4a2d-b8b2-07125f00ca7e,Magnus Jensen,69,Denmark
fe1a6a31-2146-4839-9fc5-dee8c409774f,Thomas Jenkins,67,United Kingdom
b97fb9d1-f136-42c3-b4df-e9a72e738a3f,Maia Hughes,52,New Zealand
045a273a-ab03-4a35-a756-cd5e6d7f9e0b,Melike Pektemek,58,Turkey
9d497e17-1f55-4a5c-8a74-a22a69ebfc01,Antoine Mackay,65,Canada
a61adf10-8f9a-4766-baf8-28f2a60a20ce,عرشيا صدر,39,Iran
ea48020b-0809-4742-b7be-d1f5140c4d93,Sander Poulsen,60,Denmark
8aaf9ba0-8479-408b-89f4-94a03588e6d9,Charlie Ma,33,Canada
39ab44fe-039e-46d8-89a4-8187e9e38d2c,Arnold Scott,71,United Kingdom
0b8fd83c-6beb-4616-9ab5-af07da43ed9a,Tracy Carroll,56,United Kingdom
3424eec2-5e23-43bd-bb26-ea82b60cab9e,Lærke Andersen,32,Denmark
76327ebb-2519-400a-aa9f-66a16d3858a4,Agim Brunet,51,Switzerland
3cbe09e5-c32b-4aa0-9216-17726e01c54f,Sally Riley,56,Australia
9e45a4ff-d391-439d-ae14-b6ae48177692,Kathy Stewart,58,Ireland
27fdafad-f6c7-4151-be60-2965dc017bd5,Florival da Costa,67,Brazil
b515dd81-4f3f-4fca-a793-9620b9b9fb2d,Krishna Nagane,44,India
efc8e4b3-40ef-4616-8230-77b2a701e34c,Aiden Harris,59,Canada
3967f994-b34d-4542-bd55-60b926a35f62,Madison Park,37,Canada
ab93bb01-949d-4e97-84df-4c0b32069ced,Rene Harris,41,United Kingdom
b1e0541a-5ebf-47e0-b914-100b272d8a71,Lillian Byrd,33,United Kingdom
e7720dc6-cead-4722-a16f-b4e3d2297f3b,Artemiya Nechiporuk,45,Ukraine
122bef41-ccdb-47a2-90df-5f22be3ee05d,سورنا صدر,47,Iran
1f81df2e-0e45-4575-9687-a35c06b6e589,Mia Pelletier,46,Canada
fef9bc93-fbb9-45a5-a741-90180402b7ef,Svyatogor Yakovliv,77,Ukraine
6eb2a2c8-b070-4ea4-a1c7-8e66f89eefca,Amanda Davies,32,United Kingdom
4df0641c-6a2f-4562-83a4-b3316135479f,Alejandra Gallardo,47,Spain
1e9168b0-14a6-4022-8817-fdd3514e04a4,Saanvi Bhoja,65,India
2aa85431-b326-45cc-b7a0-4c33e54441ad,Hiya Prabhakaran,73,India
61cd49fa-627a-4403-af44-ec6035f056cc,Selim Oehlers,53,Netherlands
eba0bf41-3a43-4055-bf4f-1c09128a8066,Jason Knight,63,Australia
94f3c572-1b38-42a2-a33a-9479b16d48a8,Walter Lundby,42,Norway
ef4483fa-2ac0-43d5-ab42-2894b90d6404,Jan Skjølberg,69,Norway
815d05c1-033e-4d3a-801d-9163da2a5c8a,Anne-Marie Henry,63,Switzerland
8b2401aa-7866-4404-8434-ccb7a892e7dc,Dragana Bjelica,75,Serbia
725a28ee-a635-45d3-b8c1-860bdcc41dec,Graciete Novaes,29,Brazil
86845847-d856-4803-86a4-ae050c8d643f,Marion Green,72,United Kingdom
d5cf3ec9-798e-49ff-b290-f84b8ca795ff,Henrik Ehmann,62,Germany
15038f53-3f10-402b-b238-2d561763a7fd,Lilja Kantola,75,Finland
93817034-ecba-43c5-b4ab-f71f19b41d28,Monika Schmitt,33,Switzerland
684a11b2-c32c-4197-88de-19aa7d82fb9f,Danko Kutas,69,Ukraine
d3a2bbf0-573b-4137-a6b1-0ba6f019bbcf,Andrea Thomsen,68,Denmark
01312106-2bcb-451a-9d94-dff55ef6e9b7,Kenan Özgörkey,68,Turkey
413e5a79-ee95-48d4-abdf-c29c83358e2e,Kirilo Srejović,60,Serbia
bbdc742b-4e42-48fa-8b6a-d0c4608fac09,Addison French,53,Canada
3adc5b73-9e7a-465e-8b00-23440fc1f972,Rico Ferstl,79,Germany
077dbbea-c5b1-4256-8565-670c5adf091c,Angelo Boyer,26,France
cc979393-dbc5-494b-9a95-d7d179bd12d3,Carlota Martínez,45,Mexico
85a8bbcb-baa9-4ca3-a3fd-773cd824d7fc,Otacília Melo,48,Brazil
619782e9-2fd1-4b29-af7d-3e3fae62abd6,Francisca Báez,79,Mexico
2dcf9043-7779-4be9-bb97-f42867c72d9d,Nedan Yarmolenko,33,Ukraine
6c6fcbc5-9489-4979-92c0-759521d8899f,Donita Babu,64,India
d13afe75-b971-4b78-9181-9ff8784ab094,Herbert Newman,50,United Kingdom
ef8d6172-3084-4242-a545-ac1c8425f5e3,Cyrilla Kiewiet,30,Netherlands
4303187a-21e5-4fe2-9fc7-ca8acf97c5a0,Rupert Nagel,46,Germany
6ee2f25a-0c54-4567-aaef-54434c4fd16c,Amoli Mardhekar,75,India
8542dde6-ca98-4016-b289-168825795b66,Falviana Almeida,30,Brazil
f57f0185-7fb5-4a7c-8a12-582b3c2d41d9,آوین کوتی,41,Iran
c7c661df-d19b-4a83-9c06-143cdacf2d8a,Lise Trønnes,30,Norway
979393a9-16ab-4c12-9977-66e05afd3a60,Adam Pedersen,58,Denmark
15647947-ea55-46ff-892b-24130fda1edc,Dijana Preković,40,Serbia
fe5ced20-20e6-4fec-8893-b727df1716fc,Irmtraud Osterloh,25,Germany
8bd6fd35-f401-47f5-9b16-febec90b1091,علیرضا صدر,76,Iran
cf146adf-d11c-4480-a80e-012e2a707dfb,Laurete Nogueira,51,Brazil
e596017e-0307-429f-b47e-574186bb94da,Ely de Souza,30,Brazil
d4dc4e20-0e20-4211-be6e-41464a92f295,ملینا احمدی,70,Iran
36293e3d-f936-4a0a-a1cd-8508801ffdcf,Saša Aleksić,43,Serbia
4559d6b8-f5f6-44f1-971d-9881e0706509,Mika Scheller,76,Germany
78eee84e-085f-40f1-8ff6-bd49cf08095c,Toligniva Vinokur,46,Ukraine
9048c7a0-f60d-480c-8e34-474df3bd77ed,Tonkostana Nikitenko,57,Ukraine
4e0484fc-1dbf-4a80-8222-c8ad91051f3b,Yuvraj Thampy,45,India
9526bda7-dff2-4b18-89c8-ea26865ced2d,Marjorie Hunter,29,United States
0b6ea4df-4e85-4bbf-8617-1f2884ee73f2,Eelis Autio,61,Finland
17494ddc-e28a-44a0-8737-04d6a9dd291d,Nella Waisanen,37,Finland
2e6979ca-1dda-469c-86c4-f69581bdd602,Cléa Guillaume,68,France
38b3d803-b3f6-42b2-a5c0-7060275e09f2,Clarisa Moreira,75,Brazil
43fee15d-4260-454d-9628-0d4ad74fdb9e,Jasper White,53,New Zealand
1a077873-cb51-413c-9cb9-9571f4134f97,Dorofiy Mazurenko,36,Ukraine
c23840c0-3120-4843-9c96-e7b0f8cc2c44,Cohen Smith,74,New Zealand
9b1bf063-c1b6-4fec-ad70-99433021f164,Nina Simeonović,60,Serbia
6c3ab6ce-c730-4390-a597-137c17d56d6c,Lidiya Gumenniy,36,Ukraine
b49976f2-c2c1-461c-8e11-6b462e95f981,Vildan Sadıklar,66,Turkey
e22543b2-831d-44f2-b205-f731a19301ad,Vebjørn Gaarder,80,Norway
0c57d864-0f54-4781-9e7f-a16a37129660,Sam Foster,56,Ireland
ba886680-2694-46a1-a1c6-b8448a3a770e,Levi Fowler,37,Australia
edc076e7-16dd-41bc-840e-3de7e1185d53,Suzy Matthews,35,Ireland
e5ba7406-2a55-40e0-bb8c-ad19b6177626,Tanvi Uchil,52,India
42560fdf-ce8f-4d96-8ef7-4585a64d17e9,Anne-Mieke Rutten,75,Netherlands
ce8cf312-0bb9-4248-8329-1c6a5d19d06b,Keya Shukla,25,India
0159e530-90cd-41e0-8e13-1023e77410ea,Eni Jesus,73,Brazil
e091305b-c4b6-4a89-b3ff-5090c619e772,Viktorija Raspopović,62,Serbia
60bf4e77-c4c8-4252-9bbe-3de4cc6fba59,Mile StanićStanković,78,Serbia
367219fe-0ded-4674-a8b7-b545eed28498,الینا موسوی,58,Iran
786e1bea-ab7a-415e-b4bc-9ff7f4d25d1e,Greta Helstad,46,Norway
72a16f39-7d57-4f71-812e-445462fbfb06,Silke Kristensen,76,Denmark
5f43ec89-f07d-470d-b303-01b4e7b3359e,کیانا سالاری,60,Iran
43f70f41-c493-4f24-b6a4-8e9527d473dc,Topias Hatala,50,Finland
6159e61a-b3bc-45d8-9e07-9d7dc2943d42,Faustine Brunet,53,France
72f9cbc8-1508-47e5-a5b8-e19e461248bc,Lotta Suomi,25,Finland
e0712afd-3281-4489-a460-605c4861b622,Chrisander Eike,68,Norway
b61f6abd-656a-4c2c-a3e5-30424d17a994,Kaja Thielen,32,Netherlands
7cc5b47b-ded8-4fcf-b076-0331af4d3f52,Balveer Saniel,77,India
236f82b9-5d16-4d24-9e1c-2b475467eddc,Soufiane Harmsen,60,Netherlands
f00c803c-b55f-49c4-a580-0f359621622f,Ceyhun Aykaç,49,Turkey
2d7135ef-7e2b-4e88-bece-136ba302eb6d,Franz Josef Böhmer,78,Germany
42d3d73f-5b9e-40d6-b356-ce55aadbb5a1,یاسمین حیدری,26,Iran
e472e75f-9bd0-4eea-8a0d-20113d512e02,Isabel Duran,36,Spain
a0e156d7-648a-460c-9f8b-fdf70a185416,Tin Turksma,28,Netherlands
8e8ef9d3-5412-47a0-aa24-5da6480fe40d,Ben Torres,40,Australia
a17575e0-8406-44da-a761-09df2408d340,Louis Mason,28,United Kingdom
9289c115-63f3-41e1-a295-3e61034da2fe,Tilde Poulsen,55,Denmark
f7380deb-508d-4900-90ef-85acb8bcb848,Mayina Boratinskiy,48,Ukraine
83cd0c0b-80ff-40ff-83b5-eb929f77c865,Massi Lima,51,Brazil
98f4c2e9-e737-4151-ac50-ad3ce0aac128,Matthew Morris,33,New Zealand
f942a742-2689-45ba-9402-1ecfa46aad18,Marieluise Schmidl,32,Germany
41ffc8b6-7a14-4051-aa55-0b35de19b5e0,Aline Rezende,62,Brazil
8d070a96-dde4-407d-a3cd-456862e11001,Rubén Iglesias,61,Spain
da6946ab-e1f7-492a-a031-4e772ffe7de9,Ezio Giraud,58,France
14bda2cd-e0ba-4935-b00c-191376524976,Olivia Lynch,70,United States
74146a7d-7b1b-4f70-a9e7-8777ea0bc3f7,Iina Eskola,30,Finland
c07d40a6-eb1d-428c-a8f5-77fc9714eff1,Iina Kalas,65,Finland
743a8e62-5d9f-4cd5-a201-a6df47c72a48,Anupama Shah,68,India
7a731783-ce44-4505-a364-7fa4bf7093d1,Mark Wall,75,Germany
b68b585c-7eb7-4193-850c-543534e0f892,Flenn Shaw,24,United Kingdom
039ddb6b-e1a3-4e64-a560-ca8d6d1b44db,Otto Laine,56,Finland
f6b55005-8528-4f8f-b506-82bba496babb,پرنیا کریمی,57,Iran
0fabe381-ec7b-48a9-9d67-8b0e489095f6,Karla Granmo,77,Norway
8bc65d91-169a-40ef-a24d-1c3cac16e684,Liliana Sales,51,Brazil
29f17f74-dc9d-4fc1-9652-d538a379162d,Floyd Cruz,58,United States
0d080ddd-6b06-42bb-a975-8830b35d141f,Florentina Vieira,80,Brazil
24df3469-e9f5-4c7f-bda4-6f9a5f650e70,Ontin Vasilevskiy,28,Ukraine
60f008b6-2df5-45cd-9b88-b149e17d7899,Heiderose Beetz,60,Germany
93e247d0-f966-446a-ba32-395f310e7c0a,Catia Garnier,78,Switzerland
c09dd92b-e2e3-4428-bf60-faf22f10ffb8,Matijn Van Doorne,61,Netherlands
1efed095-4c8d-4bd8-a633-7b2c843990d0,Grace Rodriquez,34,United Kingdom
ef30cb66-f029-4923-85a5-173ba007a5fa,Joel Honkala,63,Finland
d18106ea-3480-4489-a5df-b154ffe35b53,Marion Cooper,32,Australia
1c3fdecb-7eb1-4275-b34d-9f9901b02a2f,Beitske Taş,80,Netherlands
f628c9e1-df23-44bf-8102-7cb81c34e317,Susan Grant,65,United States
b14ac98a-9257-4b87-9ed0-178688e13f23,Yann Rolland,35,France
eaf24fc8-526e-4a96-a795-1671f0c3e675,Melanie Reid,58,Australia
88f50216-2b74-45d9-97a0-1c50673da0c9,Carolyn Wallace,53,Ireland
f65dc1a4-e8f9-4ad6-a0b3-af2c692c25de,Begüm Ertepınar,46,Turkey
4fc9a84e-fa92-4f2c-af43-fcfe64a42b98,Keanu De Kievit,38,Netherlands
b8c85d8c-4c6c-42e7-9f3f-04c4c2a5a77c,Steven West,32,United States
35a3c7dd-0658-4263-bd0f-21d49ef2b82c,Wyatt Dean,47,United States
667fd48d-b437-400e-b000-41b900c53721,Johnni Harvey,74,United States
ab150b6c-418d-4f95-ae90-672a76657320,Ognjen Isaković,49,Serbia
6b9dff09-a531-4798-9de5-2b9419541532,Peppi Lahti,63,Finland
1816222a-e8d7-4409-986e-6b3782cc7470,Debbie Hughes,77,United States
dfb1ea22-0978-4c90-91d5-499756e09986,Nikhitha Salian,39,India
8571e9e6-abf8-4afa-a3ee-a7940d181f55,Časlav Jevremović,28,Serbia
828e3a3c-c3cc-456d-ad1f-611082b3f752,Concepción Carrasco,60,Spain
8dbb182c-0c50-4f83-965b-1d0a47790ed4,Saloni Sheikh,29,India
3cec2148-3256-486c-9e5f-17361d15565d,Ayşe Örge,57,Turkey
d8c7600c-07c9-44a8-81f0-3760c8516b42,Prince Klaren,28,Netherlands
c002aaf5-01e7-4134-9144-cea0bd1fced6,Markiyan Povstyaniy,58,Ukraine
83d6adef-7b95-41f3-960e-5915270018c0,Aiden Hopkins,55,Ireland
febf5be7-a6ce-406d-a87e-ea26b8c692c2,Ariane Wilson,46,Canada
f5f19ed6-3477-4694-8670-8370bca863dc,Harsh Das,34,India
b2ad07af-3e67-4fe9-9a49-cce847252c29,Muhovist Teplickiy,32,Ukraine
cd9fc500-4bea-49ef-bb83-726abfeccd29,Cristóbal Crespo,76,Spain
5d9ab00c-79dc-43f4-b7c6-cf1221f911e1,Alexandre Abraham,33,Canada
061c40d3-d976-4501-853d-d4679092f999,Paige Green,68,New Zealand
9969361c-f553-48d9-8e5f-cf88f9c7d8fa,Marie Christensen,47,Denmark
7da30149-03ac-4a0d-94fc-1fc9082e9238,Željka Raspopović,77,Serbia
29b79e54-f388-45d8-83e5-699e303bb51a,Odin Lammerts,24,Netherlands
d09cef7d-4aba-4d41-95a4-d20bcea4edac,Isabel Johnson,57,New Zealand
856718cc-6466-4521-b605-f8c1ef5eba93,Boyan Vanchura,61,Ukraine
e72b96e6-1f15-43fa-97c7-70fa2f63a5e5,David Thomas,56,New Zealand
aab387f3-4edc-41ed-b428-d2fdadb7d84c,Alicia Escobar,25,Mexico
3b6b297b-c1b1-443f-ab1e-6bc7fb839340,Stefana Rađen,51,Serbia
487b6ab6-97d7-42ea-82a7-990e2799545b,Trinidad Hernández,77,Spain
061754e3-f8e5-4ee0-b7ba-f88513bd147e,Leanne Ross,66,Canada
f6949de3-7de0-46e4-8c9d-bf9ae2a6e0d6,Çetin Tuğlu,57,Turkey
eb0669d5-ee84-4d8f-9337-c1aa420b0d0d,Katrine Larsen,78,Denmark
940ec9df-daec-4cf0-9abc-1ed84c8a9592,Camille Andersen,46,Canada
980664e3-5867-46e9-a9a9-571f904b64e2,May Refsland,28,Norway
77b3ed1a-53a9-4dd2-8ea6-8fed67f4a56d,Ivan Cox,57,United States
7b78e6bb-3643-4670-beb2-69dba5a0f9ce,Kimberly Garza,66,United Kingdom
a34a769f-6752-4275-b79f-30b90e1fb7a1,Youssef Nerland,75,Norway
5aadbce8-81ed-40f6-9cbc-a04345dbee5e,Emir Nordengen,69,Norway
7887b184-c558-41c4-8c46-7f627ed758f7,Brad Gray,57,Australia
5462cc47-d695-4b83-981d-a9ea9641fa70,Medina Petit,77,Switzerland
aa225c85-c990-42f6-9bf1-f3d23944ec8e,Hannelore Bonnet,70,Switzerland
a516c79c-7c28-4507-ae65-1e8117c1047c,Kelly Neal,45,United States
30e6cf48-6f24-4d17-98a3-8d425248183c,Isaac Lozano,29,Spain
37cc63ea-f722-4ae7-a09a-bbb9b7bc0932,Blake Snyder,48,Ireland
4df9ce2e-f067-4cfc-816c-5e1cd7b5283d,Martin Dixon,43,United States
b25e72cb-55a5-4eb6-9ca9-dc85e88673db,Arnulf Scheu,51,Germany
74eb5517-7395-4e18-81cc-a51fa36dc992,Perica Perišić,79,Serbia
bd268e4d-1519-41f7-9e3a-8a69fd4540fc,Afet Pekkan,38,Turkey
1f150b08-79f8-4f7c-9ab7-c6d9b3bd6c74,Tara Stevens,74,United States
eb7a247d-3de8-4c05-92cb-e8d031da510d,Kelly Ryan,28,United Kingdom
0e5d2249-1622-421a-bd3d-e6ff8bebfc81,Esma Okur,37,Turkey
cfabf448-9b42-4e26-aaa9-2c58323c012b,Ava Green,81,New Zealand
5f1431bb-fcb6-4bc0-85bf-fd735c084c04,Stephanie Castillo,79,Australia
4e096c99-e7ea-4109-86e3-5bb1c0d1f50a,Eléna Rousseau,39,France
2a8025ef-e4bf-4547-9f3d-4ccaf20a7eea,Ross Fuller,34,United States
15776d43-3fb4-4ae1-98ec-11b7e9f66048,Silke Hansen,29,Denmark
5cc548e2-7b56-4817-8685-4c09419de3a3,Emma Harper,80,United Kingdom
daf4d464-3d6e-4821-bf6d-55142456d62b,Nagesh Mugeraya,39,India
86aeb2b0-1678-45f6-b2dd-d9357a06a5de,Bella Brewer,43,Australia
4a941992-fd0c-4b85-a6b0-fa95874129a8,Janita Monshouwer,49,Netherlands
68af2751-9f08-43b9-97e2-1cbac2afb201,Lillian Rodriguez,35,United Kingdom
df482279-52b2-4d15-b0c2-b2715cf33e54,ستایش سالاری,45,Iran
af690629-7e79-4393-9368-f303bcf19af2,Mikael Lauri,47,Finland
ac8dd9f7-0eb8-4698-b6e9-fbd52e44b146,Samuel Hughes,78,New Zealand
b6d50d19-e21b-4431-86d1-2b4adc3d8977,Alberte Sørensen,68,Denmark
5b0c1138-7ba1-4af6-b300-6282e8a84970,نيما سهيلي راد,46,Iran
6c2b0021-f151-4dd2-a8da-c06bc67854cd,Maxwell Riley,25,Ireland
25b1b16a-b653-48e3-a173-d656eba45cde,Marcelina Barros,39,Brazil
a6f194f7-c793-4ef3-b2ae-2ad36f9caed4,Mikael Arola,34,Finland
aaa90d79-fd38-47cb-86c8-a73d6faae3d9,Božo Milutinović,78,Serbia
0566f501-0e74-45b5-8081-c1fcc841df94,Otmar Steinkamp,79,Germany
0aa16452-2af3-4d66-8cad-e898d6f63d00,Vincent Margaret,37,Canada
8539a754-eb1b-4222-9877-a3bc084b1ba5,Torje Ullestad,49,Norway
b7e4fa7b-984d-455f-bcce-b60c23e09452,آرمین حیدری,67,Iran
c7b497f8-de4b-40a5-979b-740175c92595,Vanessa Thomas,70,Ireland
a44f4b9a-7bae-4f83-b931-355ec2949b56,Ann Wu,35,Norway
fd653737-40a2-4f00-9589-138f115d5f49,Ashley Powell,44,United Kingdom
204074c2-e46a-4534-8aec-439a08cd5016,Tracy Cunningham,78,Ireland
5b42cb33-faa0-47d1-a223-e0f88a651658,Yolande Gonzalez,46,Switzerland
fbd655ec-3bc7-42c6-a2e8-ea4eb99bdcaf,یسنا کوتی,29,Iran
e585efeb-e50e-4d25-bb79-2988e3ea31dd,Melinda Gomes,36,Brazil
3677f1ff-c74b-4c2d-9833-0c1ccaa2a34a,Layla Taylor,63,New Zealand
5bf6848a-c3ec-45da-8792-7f3519a1c07c,Rose Clark,24,Canada
54d375ba-c40c-49bd-8e2e-cf834a61d0b2,Yahya Silseth,50,Norway
6d8704b2-41e3-4665-a905-2bdcc9bf30ee,Vratan Dacyuk,68,Ukraine
0aadce25-9a22-4591-9447-559c7c716e46,Helienay Pinto,26,Brazil
a9ea7428-7450-4b01-9977-eb488307d250,Ryder Denys,76,Canada
bcbfb4bf-835b-4d19-913c-97c3e16d4978,Zachary Bennett,53,United States
9df3a0e7-eebc-4ee9-924c-bb214ea1dd34,Irene Bennett,36,United States
4d8f0c85-5edc-4d7b-94fc-24e401a1702e,Martha Clement,62,Switzerland
cc2a8eea-4870-4f59-8f23-02676b70515a,Ekansh Vernekar,40,India
0ad4ed45-3b41-4590-9620-c54e1af5b332,Juliane Greulich,51,Germany
d0dda484-26e3-4c57-8ccc-b08b6ee7e907,Fatma Çamdalı,27,Turkey
acf9dfd6-f528-4430-a82a-445f48eeab4d,Selma Hansen,42,Denmark
9012afc9-7318-4719-8a6c-56b3d0d3877f,Aminda Phan,37,Norway
e1be7db6-52e8-4ffe-941c-e5462a70a35a,Tomás Bustos,51,Mexico
22b6fc9d-1b47-4032-8d23-6dc55e4be1fd,Lauren Hughes,58,United Kingdom
c24f836e-06a9-4a6d-8c7b-fb599457757e,Nicholas Graves,71,Australia
1aef6f1b-ddbf-4532-a2d1-1c636c39aa6d,Lenni Ylitalo,61,Finland
a9eb314d-5914-461b-bfa2-0739171f73bd,Adelina Ekelund,67,Norway
727aac42-45e6-42d3-99e5-f40c81147e60,Siiri Haataja,59,Finland
34f1cd89-c8a2-4e23-a531-79f6b68f3af3,رونیکا سلطانی نژاد,70,Iran
4676d991-385b-4d37-97be-a4dfc03b5abc,Inga Vitoshinskiy,37,Ukraine
9d72e9cd-81cf-4423-81dc-74bc213a2eaa,Elif Tunaboylu,47,Turkey
f2cbf7d3-996e-4077-8bf3-b0f47988f479,Adem Beşerler,77,Turkey
afd2ab1b-8c4d-42df-a92a-233e78d6f8a7,Rafaella Dotinga,77,Netherlands
599a8567-469b-4379-ad01-07413383ad10,Nurhan Putter,70,Netherlands
9bfe6e9e-1144-485b-b0b2-f1afebd7b79b,Liam Curtis,40,Ireland
472ee39f-2902-41ea-bee5-c4a18978915b,Rodney Sullivan,57,Ireland
ccc5651f-aef6-4d3d-8a5d-5b36966a90ac,Emine Uthaug,47,Norway
2becc8b6-353a-45ee-af5c-623a0245f6b5,Iiris Niskanen,26,Finland
c30a62e9-a0d1-4565-a2ae-366348aed80f,Philomena Neef,57,Germany
a28038f4-abff-44d8-a6b6-af10d084037c,Sarah Harris,70,United Kingdom
78f211ca-fb39-4c49-91b7-c4974a3b1ca1,Frank Cook,56,Ireland
53ef3bec-5ddd-4f96-bfcd-46093855142a,Solange Laurent,66,Switzerland
a8d70f55-b7fb-4bb5-9062-5ed0f18c4b38,Alice Brun,45,France
9cf74a4c-c230-4556-9cdf-034f0a53b48a,Katie Perkins,80,Ireland
b1bd6763-8818-4651-bcec-dea8b841b6cb,Dietlinde Kugler,54,Germany
d36f7cca-0262-4887-8ffd-0ac725f0b5e0,Leanne Morin,62,Canada
43cf9de1-5770-4b66-9712-d425b4709be6,Uglješa Kalinić,39,Serbia
add9b316-17a2-40b2-bde8-c5e0afb5dccf,Katie Chambers,76,United Kingdom
4012b450-d27f-47f0-a34b-528a8309ec0d,María Torres,53,Mexico
76e2f584-598b-4632-a434-18224e385d0a,Edvino Nascimento,68,Brazil
86062440-6c25-41d8-8f08-823c439c5b23,Elizabeth Roberts,38,New Zealand
2368e515-dc5b-4f49-9bbd-0dfbd61b88a8,اميرمحمد پارسا,60,Iran
52594a2d-a241-4c5b-ae7b-ad7516dd985b,Maëlia Guillot,53,France
f660da6b-7413-4d73-8c87-f9e1afb1875f,Enver Thomas,47,Switzerland
ff8f34eb-6377-4eee-ab9e-cc949ab33eee,Ievlampiy Kvasha,33,Ukraine
fa9099f4-80f2-468c-bbb3-b846e1fc19ff,Florence Tucker,26,Ireland
8a795cfe-828f-4786-94ae-62e444719b61,Iván Medina,58,Spain
a7eb8eb8-aa12-430b-a998-83af9233386b,Jacob Singh,62,New Zealand
c11e825b-e3b0-44cd-a635-7a80f67db279,Murat Denkel,39,Turkey
9da6443d-6195-48fe-99e5-c79dc4ce1a72,Faith Butler,53,United Kingdom
170e4b56-f925-42d2-88c5-f124c21601c3,Topias Rantanen,52,Finland
aaea7e12-cd98-4b59-8e17-67a25a8c0f50,Demiën Lageveen,48,Netherlands
f034ac9a-eb5a-49e4-8f6b-34d387a97a29,Sofija Aleksić,27,Serbia
0bab32a5-b655-4c16-bfdf-b0b224b641cb,Caitlin Lambert,71,Ireland
f3b2ef78-bc16-4222-88dc-2023c96008dd,Udarsh Nagane,34,India
e4c25713-0922-46e5-a5d3-9a00f917bc67,Sam Stephens,72,United Kingdom
702f3b63-c33f-4d0f-87f4-e5712a0e2ef4,Serge Balder,53,Netherlands
290c5bad-974f-4799-afaa-84444f5f93ec,Akshita Gamskar,48,India
b5e311e8-9fef-46b8-9a40-6b578c65d0e2,Gafiya Dichkovskiy,61,Ukraine
fd23fe82-bd97-422a-a55b-a4cd91200f0d,Danielle Holmes,37,Ireland
bcd5528f-a7ba-43bf-9c74-b9c118e568bf,Ege Aybar,42,Turkey
454049c2-4e07-46fc-b02e-af5a8797a01f,Umang Shah,26,India
386f3ed4-0a7d-4bf3-ada9-3d989095de12,Ella Hansen,65,Denmark
0e5044ae-5711-4ce2-a6dd-0962fa1d2464,Sana Wøien,48,Norway
d4e69b65-c768-485d-aa5f-59bbc7d6248e,Frida Christiansen,40,Denmark
cc86ac19-cd9f-45be-8fd5-2f5d70dacaed,Parv Manjunath,45,India
726d8ccf-9b6e-4750-a647-0f5b0cea5c29,هستی جعفری,27,Iran
b4a11cab-1132-4084-968a-e6a94dda8593,Abigail Thomas,36,New Zealand
8c2d1d50-35a7-4c32-b022-6e751b1e1fdb,Octavio Rico,63,Mexico
037cf4d3-02b3-4e88-8cae-c236c4b79db5,Denísia Ferreira,64,Brazil
9f50c74e-ddf5-4041-8a18-515b69f8136e,Karina Zamora,61,Mexico
6077301b-c64f-4d97-a207-fa80d68dce98,Alma Santiago,55,Mexico
0a599003-ed7a-480f-b6de-ff8a6aded886,George Pierce,59,United Kingdom
6726cae1-f755-4bf2-aa82-b74fb4eb97e8,Vognyan Pritula,63,Ukraine
506863b8-fe40-4507-b6cf-1a653e9cb4d7,Johnni Phillips,60,Australia
1bf74013-9369-4a61-8200-b8c8dc833ae1,Sapna Dhamdhame,65,India
ef2d242a-72c9-48a6-af3b-d1903cbf797e,Hudson Liu,51,Canada
e1703649-f5fe-4191-8657-2e73ce50d471,Gaëtan Martin,41,France
bf35c774-0e79-40d3-b57f-64fefc446174,Sonja Castro,56,Brazil
51e43bb9-fb7d-4ef3-b2c8-587055161741,Ethan Kirkhus,62,Norway
436700b7-bc02-48b0-b30c-16122cc400a4,Mattias Kallestad,76,Norway
b83e579f-0c2e-4cbd-a68b-ca14954f888e,Linda Lomeli,48,Mexico
7a2b1977-0d29-405f-bdc0-46ca751981ee,Nicklas Thomsen,70,Denmark
b86938ed-ad03-4ce2-9e19-6c176887270b,Shabari Bansal,45,India
92e3a51c-e48c-4af4-a0df-ffb3c3a828e8,Okan Özberk,54,Turkey
007e60ed-6fb1-461c-9917-aa02448df0b1,Nicky Meyer,70,United Kingdom
ebc72bf3-d503-4353-8358-43bfd90e1999,Yasemin Çamdalı,80,Turkey
6bdba591-3a7b-40bd-ab77-1ec99a8e5264,Martinius Sørland,65,Norway
89d4fb58-becc-42d5-8e6f-0cebdd142392,Mandy Dean,28,Ireland
fdf24ab1-9a8c-4618-83f8-2e40a3e50985,Osman Zauner,56,Germany
f6909542-d106-4655-aaf6-b8900494e157,Maria Morris,58,New Zealand
0b207250-9091-4bad-a216-6b75b0ee201b,Frederick Bates,47,United States
d939006d-ff10-41cb-8a10-609211ba9386,Gabriele Rocha,33,Brazil
ad0dd9b5-6c5e-42c3-a5fa-fb2469945b63,Nicole Beck,47,United Kingdom
293e4cc8-f561-440e-83ae-87e8cb3eda2c,Avreliya Velichko,70,Ukraine
6100d6fb-9b9d-4624-81ad-1e9e01e07746,Tomás Esparza,47,Mexico
6b56f51a-f97f-421f-ac36-7251d27e07b9,Dwight West,47,Ireland
c9fe052b-0027-4731-abed-c11958f6b347,Emma Bowman,31,Ireland
837bd55f-4437-4396-8ec2-154cf0aa22a7,Lina Roy,47,France
5c03e14a-8db2-460b-a410-8a560d1e2e69,Lena Roche,45,France
8441b740-99bc-422b-a7a6-1aeeb4c17241,Rosita Rezende,80,Brazil
d1df85f9-ed4f-4513-8399-192775604e21,Vladana Preković,39,Serbia
57ad21f9-cef2-468b-933d-ff4bda36491d,Maia Turner,67,New Zealand
142de1b1-ef63-43a6-b7cb-4188e9df1164,Inmaculada Gil,49,Spain
0ec61972-52c1-4134-a91a-964a236ca2d3,Samuel Toro,42,Finland
91daea9b-60ae-443e-b75c-d8087658e20c,Leanne Taylor,59,Canada
9c032a7e-56c8-4e4f-b494-f5c36c29a522,Hansjoachim Reinhold,37,Germany
b643feba-fd07-4314-8b3a-e3892fc013eb,Idhant Kaur,29,India
730ef8ec-fe4b-431f-a794-f76bb0827e00,Annina Caron,26,Switzerland
a9e0ee0c-51a9-45da-8c1d-c69d475d7192,Väinö Linna,50,Finland
102fd85d-43c0-46b9-891a-51d4d1748f8e,Nenad Pantelić,26,Serbia
fa923e2f-231a-48c4-a023-ef9f347f09a1,Kerim Dağlaroğlu,30,Turkey
0f46e718-63c3-41bf-96a6-8142118e07d6,Noémie Lavoie,75,Canada
71c87c37-808d-4521-86f2-a9eb8cda8349,Klara Beer,58,Germany
0f46e8ec-5d89-4ae6-b475-2d8866d2aa60,Arvid Burud,74,Norway
8456f350-8209-4309-98dc-ee514849c28f,Niilo Lahti,53,Finland
da0c079e-133a-47bd-a3b6-52bed81f5df6,Sergio Black,76,United Kingdom
932f124c-0549-4562-9390-815d4ceefd2a,Heidi Peterson,78,United Kingdom
e9ca009d-5afa-4cd4-a68b-001f5e6a9a76,Nelia Horten,66,Norway
615b519b-5d81-4c2a-b7a7-80ed32674221,Vicki Reid,74,United Kingdom
ba9fb4fc-584d-4c7e-83d7-3362225c3374,Susanna Gaillard,78,Switzerland
38775b0d-897b-4a65-ba31-0a1d27ca8155,Octavio Rosas,77,Mexico
4a1f1387-0f79-4977-8dbb-cee071011ccb,Nieves Gallardo,39,Spain
2bcd80f3-de6c-48ce-aaf4-5516c8e07ca7,Buse Aykaç,66,Turkey
5d1422bc-90fa-402a-8078-442b29dedc91,Mayara Nogueira,73,Brazil
36938d15-0f49-4b57-8d54-a7e4b617f070,Eduardo Smith,41,Ireland
19c6d518-9894-4abf-841a-b38001c62833,Ángeles Gallego,58,Spain
bfc8bd08-34fe-49ef-9089-d320d17dfb98,José Manuél Miranda,55,Mexico
3cd3798a-ef89-4d3b-b784-567f514279d9,Magda Doniy,31,Ukraine
df998356-480e-4bea-95dc-97fc06e52350,کوروش مرادی,65,Iran
0466b8f2-1d2b-493c-8012-50303ce91639,Navami Suvarna,78,India
ebc61f0e-eb31-4936-a231-7d688e88145d,Adem Höfler,48,Germany
f8bac97b-de0a-40b7-b46e-9192f18f646b,Anastas Shepel,49,Ukraine
e3daf01f-dd78-48ec-ac41-10753194d100,Alison Carroll,51,Ireland
992866b4-91b9-4bc7-8e66-0474e752841d,Karine Grindhaug,41,Norway
8576d1e4-dc2a-4029-80cd-6b29334849c3,Jonás Véliz,49,Mexico
8f870e8c-3c82-46ba-acfa-c75c2fcd3156,Xaver Durand,73,Switzerland
d04a5233-6773-4bf6-8905-0390601a7b5d,آدرین یاسمی,39,Iran
d84e0d60-cf1e-4427-9bec-85dc8498a77b,June Grant,70,United States
a657932f-f61b-4575-bde2-12e451e94870,Neysa Gugale,56,India
0d9aee15-5f28-41fb-943a-f24e31eaed1c,Maeva Lo,54,Canada
63b15202-ff7b-4e66-8a61-cfe64abb34c1,Elsa Marttila,68,Finland
b9fdf3e8-1377-4951-b680-d421da059356,Lea Williams,45,Canada
160e3d47-1244-4f92-94ce-36dec472ffb2,Rose Hamilton,50,Ireland
a6534cde-8076-44e0-a500-774d4672151e,Aza Drob'yazko,75,Ukraine
f955bcf9-0082-4b2a-a480-f0bd58674b32,Paulina Østerbø,31,Norway
d12281b2-5756-489d-bd90-15bf5d3979b8,Milo Dupuis,78,France
bd85abe8-ded6-4b7d-a081-e50f89e36cf3,Volkan Tekelioğlu,46,Turkey
02973406-1825-4588-b12a-e2117bf039dd,Chad Lucas,50,Ireland
73668b35-175c-4023-9995-f8da68321d82,محیا گلشن,52,Iran
cee8bd05-eb61-4fd3-9484-ce6d7c6fc1b9,Avery Smith,66,Australia
dafae7d4-ad34-4117-b1ab-ef805ded2bd8,Fabienne Perdok,65,Netherlands
deb28a0e-06f4-47cf-a41a-52a9e0ae300e,Yasir Rognes,54,Norway
daecd31d-953a-49c8-b25f-04a4b2505d6b,Valdecira Rocha,75,Brazil
805594a4-9409-49f4-9808-5f693be0c5fd,Lilja Laurila,51,Finland
65b10d79-260f-4b51-95f0-360d2f26244d,Danielle Obrien,37,Ireland
d1c0836b-344d-4fba-ba98-8e15696d70e1,Emma Hernandez,81,United Kingdom
4b7f7e93-1017-409d-bfa1-bb4bc1085b3c,Rose Ambrose,36,Canada
4d1a8726-4515-4b98-bd6d-5a15583393b4,Anjali Vernekar,41,India
3b5ce9c6-34a5-4751-ae06-db90fe89a0bd,Tarsício Rodrigues,70,Brazil
821fa345-d9f5-4a32-a938-0a63037cd3c3,Louise Kautz,49,Germany
cd1e1560-43e4-46d6-909b-547f7205ceaa,Olja Mihajlović,28,Serbia
07fbfe20-7ce6-4dfa-92f0-3f9ce2b68550,Lauren Lucas,46,Ireland
6efe0a90-ef32-4343-89a0-b4e5936f6b12,Srđan Sokolović,60,Serbia
ba1d8c4d-1e8f-4666-8a6a-3ef44d0d5a2e,James Pelletier,36,Canada
28a8a99d-e7e7-4f67-848f-7c156c1cefb3,Sandra Coleman,24,Australia
f7289ce3-8543-46ea-8dd5-3a730d252aad,Michelle Morgan,45,United Kingdom
3580687d-c426-407d-a3d6-14eb594796de,Luca Vågenes,60,Norway
3788ef6a-f4d7-4de9-8cc0-b8632a5786f8,Laura Dupuis,48,France
7956be4b-47d8-4eb7-bc3c-ceb53c946537,Pihla Karvonen,50,Finland
274a8a22-0192-43b0-a149-e0d9ee9f8540,Chad Johnson,80,United Kingdom
128efec3-65d2-43aa-be9b-ba3ee06803d5,Maya Harcourt,31,Canada
7cb59506-310c-48a6-a405-c735f5e0885d,Supritha Singh,62,India
2d2456bb-5133-4507-bb3f-e861ff18e180,عسل گلشن,33,Iran
12989f9b-d243-421b-ab1a-afa7a65cce6a,Ramazan Weide,57,Germany
f7a217c9-d6fe-4806-835f-d745b1ac6693,Afet Elçiboğa,63,Turkey
a514b66a-df7c-47bd-a120-14d63c1bcc31,Ludvig Frøshaug,48,Norway
8346e05f-f427-4b03-9150-89de51efe9df,Lee Gray,59,Ireland
dffe11c5-9551-40f8-aaa3-bfe64b4e3f1b,Evamaria Rost,56,Germany
d065789f-6b49-4d8e-ba0a-20100068c707,Allison Davidson,76,Australia
8da68550-900c-4a5e-bbb3-8ee637ce31d5,Afet Tekelioğlu,50,Turkey
21e72a3f-6f90-46d5-af87-21c1da85004b,Leah Chen,76,New Zealand
cebe905a-655a-4937-b2e8-d5a4e53594ec,Armand Giraud,25,Switzerland
34cab079-0f63-4a2c-ac58-3da4cc2d9ec9,Julián Soto,67,Spain
31b0794a-be66-4f38-bc4d-3a5e90685950,Alma Torres,57,United States
359d63b3-74c4-46d5-a8bf-84bd478bd61e,Gaëlle Heutinck,67,Netherlands
2b24b2c3-b4b0-4d88-8503-c4d5c8f1b9b6,Fabio Robert,34,France
708ade3c-9d4b-4620-8df5-760c038ac39c,Iag Teixeira,28,Brazil
68b15083-f1d1-47a2-9c93-88adb1605417,Julio Ibarra,69,Mexico
cc8206ca-de1c-4fb5-a8dd-d338c7aee6ce,Iina Moilanen,39,Finland
0e674264-256b-4c96-9832-7ac9813dd7d9,Natalia Leren,42,Norway
be81303c-7681-4619-891e-f0f7dde6df68,Eustácio Campos,70,Brazil
42016b43-08be-4bd4-9333-c8f9f176b589,Samuel Butler,68,United States
43d0a3e8-74b9-4d3c-8b52-442ae8f46fc6,Jill Gray,36,United States
a65b3363-83fc-454f-b25e-e67704368dd3,Flenn Bradley,46,Australia
c15bf80e-8a65-457e-9627-e365e08f6745,Géraldine Vidal,70,Switzerland
64a90849-8eff-4130-9133-cef05bcba541,Nadiya Chorniy,45,Ukraine
77fb7ca7-c7a7-4079-b4a0-e57d4615c244,Guro Mikkelborg,48,Norway
86c17be4-def3-42cc-b488-8c9471f8604d,Ella Lewis,69,New Zealand
72374e9a-cb43-41b5-9d0d-41b19ddfd21d,Indira Leyva,51,Mexico
2f9a1712-d511-457f-8588-cd14223cea54,Janette Sattler,71,Germany
e7edb2f7-6edf-444c-b1f0-f7b1257e0464,Pepe Biersteker,45,Netherlands
fa3963ff-26cf-4748-b7c3-029a304e0924,Emil Kristensen,58,Denmark
37949bba-b992-408e-88e3-4316c59c093a,سپهر كامياران,41,Iran
ffdce357-3c8b-4b6b-87ea-904152425a7a,Peremisl Malyarenko,56,Ukraine
cfb77b61-87bb-4190-aa4a-5c44ab559287,Radenko Bajević,80,Serbia
13a84090-5604-4025-96cf-e21388c1f2cf,Koray Bolatlı,77,Turkey
5370adde-6e69-47c4-a058-59e6dbbfbd05,Sophie Ramos,45,United Kingdom
45f0d11f-bb3a-4b6d-b4ea-ba6ca3c54808,Sascha Seegers,72,Netherlands
7475c7b1-8d95-4df2-b8ef-da1dfa75cdcf,Timothy Johnston,41,Ireland
65a6fe46-f03e-4fcc-8761-dd70fd77c9ef,Liam King,55,New Zealand
58c12f44-dc5a-4075-9611-e635eba1b18b,Mildred Douglas,71,United States
a916222d-2a65-4097-a32a-b91c8c30699f,Ronnie Taylor,62,United States
5f048acb-9da1-4ed4-a9a0-44331bf7427c,Aswin Versteege,52,Netherlands
3f2576f6-d685-416d-b4a4-ee9ede7aa375,Sérgio Morin,36,Switzerland
d7441a98-caf5-451b-acc7-ec0975017be5,Ratimir Kuzmanović,72,Serbia
77a4268c-ee03-4ee9-8c29-56dbb68ba0b8,Toby Thomas,49,New Zealand
dbbdb3cd-37b8-4057-b6ff-01b01aa0cf3e,Ortrud Rech,57,Germany
b0eb32ff-2ac9-4c77-b0ad-ae7714d4a5e6,Adam Legrand,68,Switzerland
80f9d89f-c8dc-4173-b7dd-b435ce9761da,Alice Harvey,54,Ireland
73a420bd-3b7b-45fd-ba1d-c0e2949eebd5,Veeti Ahola,66,Finland
451f6676-2ba9-4825-be61-727b3b0e643c,Tristan Møller,48,Denmark
3f682e65-1fb9-41b4-ba2c-9aac5b4f819d,یاسمن کریمی,53,Iran
7fa09db7-94a0-4c89-af65-8ec41462cdce,Anadir Pinto,64,Brazil
226da684-29b6-4d08-9ad1-8d6e131a03a8,Barnabé Nogueira,28,Brazil
d94786ed-1a2d-4000-bdf9-cf4eb4bf0db7,Martin Washington,39,United States
ae08e78b-c4c3-4e1a-8cda-de60ee898d94,Bratislava Vlahović,50,Serbia
46540a5c-3513-4b4a-b4f5-0d3a044f02ee,Sofía Guerrero,72,Mexico
942ee039-2021-42f4-aef6-a52869147880,Asha Chavare,26,India
cab4dd19-3c8e-4991-be58-58956db30099,Venla Koistinen,69,Finland
de9d207d-f0d9-4f34-af7e-ebae0dab6838,Yannik Gaillard,46,Switzerland
3ca07cea-a0d9-4330-aecb-d3b2d0839132,Gautam Namnaik,35,India
2e445917-f936-4de4-8b57-814dc4b09b38,Aaron Rodriquez,41,United Kingdom
41a187e4-08aa-49fe-855a-e6c5fd30c0f9,Braxton Thompson,76,New Zealand
321a70fb-3825-4a76-9274-cec2da92cd92,Samesh Mathew,70,India
c895405a-2e9c-4822-b584-b3de478f7d10,Leah Peters,40,United States
5c7f78de-9d5b-46ca-9070-4d657a639ed8,Katarina StanićStanković,69,Serbia
228da925-65ff-403e-993e-0f6f184a1232,Efe Baykam,51,Turkey
c738993e-07f7-42e7-84ee-77cd122a72b9,Özkan Başoğlu,60,Turkey
b27f9460-fd18-427a-b4c5-0a6e3dc2a617,Ekaterina Adam,56,Switzerland
be78658f-030e-4737-86c1-0d114b8b5f0a,Lennox Ingvaldsen,65,Norway
b7aefdb3-3db6-4680-bee8-336a90d720c0,Lilija Lammers,57,Germany
44c492f0-761b-4ec0-9002-a5904ebf1dec,Samaksh Kouser,69,India
03134078-c847-460a-9e7e-34e547a45854,Norah Guerin,80,France
53e5fac1-ac15-4b3b-91e1-e27f27b8417c,Önal Saygıner,60,Turkey
17a82d0f-35bc-4e8a-be38-ee57c3af3e26,Wijtze Leegwater,61,Netherlands
c9ff3854-283b-4b32-beb4-164f2789e767,Édi Cardoso,26,Brazil
2f8c8bbf-b905-446b-960b-4bfce392dbb9,Hemang Vernekar,48,India
c2a5932f-c721-4807-8a4a-32f250a33192,Nikodim Charneckiy,78,Ukraine
3aa29a59-34b7-4546-b1bc-2fb7b6f0d7b9,Arthur Evans,44,New Zealand
c951ca08-0a63-4941-b66f-287dc46ace43,Mónica Castro,27,Spain
a6a8d53e-5107-48a4-9a80-364d28280301,Ramon Campos,38,Spain
148598b8-b292-4508-90fb-07e25bae90bb,Sander Pedersen,50,Denmark
3cb6df35-b60c-491c-a8b0-e3985b4d0fe7,Theo Collins,45,United Kingdom
69d7888e-eda4-4229-a977-a79d1c043cc7,Snovid Voievoda,24,Ukraine
cd9da5cf-7e5c-456e-830f-9541edb5a533,April Phillips,56,United States
94faf822-0ea6-414c-9ebb-80444e94a27a,Benjamin Dupont,61,Switzerland
33633fa1-2f99-4e5d-93ab-768d7408ddc8,Oona Lampinen,29,Finland
298fd375-02da-4665-a1c2-628c17e763f4,Wesley Myers,39,Australia
236bcfcc-60a0-4a1d-8c0c-ee05a256fa61,Amresh Claessens,80,Netherlands
0904d691-244a-4745-a77d-3baaff5f6f3c,Arjan De Poel,35,Netherlands
9f51012a-2fa5-4060-950f-ee232fde89f1,Ansgar Seifried,58,Germany
7064f811-7df1-43f6-aaac-3a4780eaf5af,Reyansh Gupta,27,India
b018c1e0-7f91-4d5c-abce-1558410de0e1,Selahattin Busschers,72,Netherlands
e37cd832-2a2c-4f65-992e-59c4986e83c9,Anwar Mourits,62,Netherlands
5a9d289d-d2f2-43f2-bf0f-438911d23c4d,Sara Sørensen,47,Denmark
9abe664f-de5f-4b6b-b9bc-ce1d227c0372,Leevi Seppanen,63,Finland
8846adb0-326c-4d52-9cba-8a638d233990,Carlos Soler,31,Spain
bac82dfe-a7e2-4af9-a5e1-712c68dcf201,فاطمه پارسا,31,Iran
2c75bc0a-c49f-4bc8-9cf5-36840e93a94b,Sergej Heid,46,Germany
5c349c3a-f7c3-472c-b472-1d61b941a844,Ege Tokgöz,33,Turkey
a7b3299d-5c26-4e51-90ae-ee081273a22c,Steffen Gaillard,79,Switzerland
86e60679-2c27-44e8-a6b2-fea8d740a0a6,Martín Delgado,77,Mexico
4464a19a-5049-46d7-9e81-6fe74006079f,Grit Wehrmann,42,Germany
2a51e6bf-7e44-464b-b139-5eeb1d64b95d,Valtteri Mattila,75,Finland
ee42d97b-1dae-423e-a19c-95138fdf7c1d,Ingmar Loeff,40,Netherlands
e9aa2688-c55a-4bf8-868e-e1af5b855e04,Vidya Gatty,41,India
e4536178-a667-42f3-87b2-d8936450b32b,Marcus Mortensen,36,Denmark
cf6cd2b5-af52-4a5e-acbd-f710a598400f,Mads Mortensen,39,Denmark
99d39649-9af5-4e33-9aef-21652b3dbc00,Alicia Park,32,Canada
e6dca766-9468-4275-8c6a-036a63510bc8,Rad Sirenko,32,Ukraine
40887bd5-dfbb-443d-93fc-a51c9fcad681,Zeferino Treviño,79,Mexico
9941200e-9fac-4448-845e-2f529e6d3eb4,Benjamin Rasmussen,64,Denmark
ebc27dbe-3229-48df-a1c7-f74681f1b7f5,Aubin Robin,28,France
7f6fecbf-84ad-4b8d-91b5-1b981ce0073e,Jonathan Gaßner,71,Germany
09e5c4a4-6e84-48ee-b7d3-755047383227,Guildo Porto,35,Brazil
0cf02ffb-2c31-425a-bfa2-57709cc228f3,Hedwich Varkevisser,39,Netherlands
05d8ca72-1412-4333-b599-084b2f1d86c0,Oscar Andersen,32,Denmark
bd475dc2-bcf9-4abc-811a-1cf3d5dcae95,Théodore Duval,70,France
9c1bb02b-1f77-4964-88f4-77bff6e0606c,Florian Martinez,73,France
b76f4b1f-18be-460c-90ec-2c2c5ce953db,Tracey Wheeler,47,United States
0f745d39-f5f3-4bc8-b6bf-850d3e4c4cdf,Gül Başoğlu,73,Turkey
368dd00d-33d5-4017-840a-4fe6dbf2a61f,Novak Ivanović,77,Serbia
6dda6740-b231-491f-8a7d-236da2f63df2,Cathy Wood,31,United Kingdom
58b95646-2e18-402e-9ee5-38d017c854ab,مرسانا سالاری,73,Iran
8785a5cb-2ff4-486d-92a6-61e73a9946d7,Carlos Zarate,46,Mexico
9d380d8e-8c38-42a7-b8c7-826895a09ce3,Jonathan Collazo,38,Mexico
653483a5-1e7d-4dec-b198-653312a4a26d,Amor Santos,26,Brazil
fb8a0d7e-a982-4c18-827c-a23c6d6fea58,Aada Honkala,53,Finland
6413c11d-e235-4a12-9bf7-5d5f4d4c4893,Larry Meyer,26,United States
03b6fa95-e2b3-49ba-ab77-158080a43b24,Oksana Pavlovich,47,Ukraine
b42386b2-847f-46db-a42a-d7ad6f2ec042,Yann Robin,28,France
2aae3147-b0d8-49c0-9f1b-6f446e09bd9e,مرسانا علیزاده,31,Iran
725ae064-3ca7-4294-95d6-4e4653ac35db,Marion Weiß,70,Germany
9773e882-deee-4217-bf19-774520b7e13c,Andre Juell,36,Norway
aa604ae9-7388-4b4b-a2d2-1254a260adee,Gema Romero,70,Spain
86ea471b-a7f1-4da8-bca7-f8ff18414f06,Marianna Trocki,41,Ukraine
d835a587-a9bc-4bc7-8718-357ed450a329,Dalia Van Bragt,59,Netherlands
c9eb5355-d983-4615-a199-85935c9b80bc,Isra Christoffersen,78,Norway
75f0fd6e-dc04-4e00-a277-30d693eb19d4,Teodosije Adamović,44,Serbia
a118172b-e907-4fa4-baa3-6a2c547d7399,Anthony Stanley,51,United Kingdom
615d9c79-3f8a-43e4-ab65-e301984106e7,Regino Caldeira,26,Brazil
8cdff50c-0c7c-45ed-9afb-53824e9c230b,Veeti Lehtola,24,Finland
4891aa7e-9e41-4b9e-995f-32ea74c5315c,Alma Nielsen,53,Denmark
997d7084-07b6-4e95-916a-bbc42d76f6e3,Vanessa Richards,75,Australia
be329e57-7e88-4675-955c-93063cd01cbd,Henrikke Tveiten,67,Norway
7aaaae8e-f237-4c66-a51b-ccc6df676f6e,Loet Brockhoff,61,Netherlands
9aa46564-703c-4a58-a3b7-73902843a272,Elif Tuğlu,69,Turkey
db0a5d3f-f758-4a62-b481-1826b6d2ceb2,Karl Murray,36,United Kingdom
4931627e-e3ae-48e5-bfb0-5ca70f6e3170,Wyatt Martinez,63,United Kingdom
a683c5ac-78ae-482f-b842-ee9ca33616c0,Arsenije Dinčić,31,Serbia
d02a73a8-8ed9-4ae4-9740-fe021e979dc5,Josefina Duran,25,Spain
54e35aab-60f1-44c7-ab30-9e1c9248a483,Lucas Porter,38,United States
aee1d440-1645-4a02-b07c-89a9c01601fd,یاسمین سالاری,48,Iran
67b5a520-f68b-4d9f-b265-9d1f399a732e,Anis Ravenhorst,48,Netherlands
2eb9baf4-2daf-4dfd-a62f-553ee5fdec91,Vladislav Vasić,26,Serbia
bdc92fa1-99ed-46ae-a9ae-faba767cd1b8,Lee Reyes,75,Australia
9acde0c6-9370-4398-8645-67feaa1b94c3,Bertrand Petit,51,Switzerland
1f5ed463-e08a-48fd-97b3-d3b6068c988b,Aleksander Seppola,48,Norway
3809ea71-a74d-47a7-b8da-118d2b1da3a7,Deepak Manjunath,66,India
ac68f654-e803-4d3d-b9bf-683e3a61c274,Daniel Claire,63,Canada
a3d4b380-ce15-4811-bc54-00b341dabfc7,Évelyne Robin,38,Switzerland
7c035c9e-8f30-4cec-905c-7afc445a1738,امیر یاسمی,49,Iran
86df8e5c-6ce2-4c69-b432-ef31f7caa422,Wieteke Wirken,55,Netherlands
e303ea57-f043-4a6a-93ae-51c89ed8d1ca,Lou Fernandez,57,France
2376579e-33b1-4bfb-ab43-5899ab340a9c,Gülistan Koedijk,71,Netherlands
bd2bf899-d396-4922-b73a-bf6467e2dd68,Predrag Nenadović,73,Serbia
f23e0938-dd33-4f00-9c4e-c8985db21660,سارا نكو نظر,70,Iran
bba62230-1712-451d-ba66-09f220642be2,Musab Bøthun,46,Norway
b4f8b4e7-e252-4d5c-8136-345960b364d9,David Fortin,30,Canada
aa11508c-ed9b-4c82-a7ce-90839ae4c866,Gunhild Pfeifer,57,Germany
daed46ab-4d98-4df6-8bf8-8c05c71e4e34,Anna Thomsen,63,Denmark
7b862d59-859e-4bd9-a9b5-10990e150477,Juventino Almeida,60,Brazil
7732add7-1a46-40fe-a032-7ad2d6ae2d47,Iva Vrhovac,78,Serbia
018ec607-f3fd-480d-acb2-3d9b125ee7c4,Marcele da Mota,35,Brazil
c129e1ee-e093-4e9e-b474-021e61e48054,Simon Habermann,62,Germany
098d5d8a-fea4-46d8-bfa4-634100c107e6,Zachary Mackay,27,Canada
6b64aea6-aaed-4ffb-aba0-0d647a3b757d,Nicholas David,29,Switzerland
c14b8e22-eea9-4e52-a71a-518919d21fec,Juliane Rühl,80,Germany
31f9fba4-2204-44b3-93de-d5014b099d3e,Teresa Bradley,45,Ireland
d3418b60-012f-4a7c-bde9-31f44c707b86,Olav Dohmen,48,Germany
96b08fcc-29a9-48e2-85f3-0980aca12cf1,Caroline Steiger,64,Germany
eb5e8102-a9e3-4717-bc72-a86ac96efb9c,Rose White,34,Canada
9c67edd1-3670-4247-a612-9ff6ae78268c,Samarth Chatterjee,49,India
ea781e18-9b12-46b1-a5d1-ed1151a32b07,Asuman De Deugd,42,Netherlands
4dba0fa4-723f-420b-9e17-203b92607bf2,Gabrielle Tremblay,59,Canada
eee5d547-f1f1-42ab-80dd-ae68735765ed,Tammy Kox,34,Netherlands
0aab7032-edbb-49f7-a8a2-6176f04572cb,Rohan Vernekar,50,India
d71c484b-6090-4468-8158-ae2e83790347,علی سالاری,47,Iran
a04d3d7d-8e98-4168-91d4-5ff938088f26,Hélvio Barbosa,32,Brazil
72978300-bb9d-4d17-9767-8bdeb8687bff,Loren Van Harmelen,37,Netherlands
e96c766f-cd32-4864-96d3-5c2f5011569f,Megan Soto,39,United Kingdom
77b32f9e-d5a0-4c77-906d-df4ca3f90522,Veronika Vestbø,74,Norway
450702d7-7f92-4e6c-9644-dfead2759f40,Ava Larson,76,Ireland
be723f92-ab99-4fca-ad8e-a2ac3531b277,Alfred Mortensen,41,Denmark
8141fcb1-9315-42fb-96cd-ba1243befaa7,Gentil Martins,79,Brazil
69d4a443-6ccb-45b8-8f24-7ff7aaf08666,Zara Turner,59,New Zealand
73902df7-9c81-49a2-87e4-53d16886cf10,Margot Michel,80,France
438ca78a-a72d-496c-84e9-1ddb70bcc1d6,Thomas Wilson,63,New Zealand
d601efbd-4503-4cba-980a-cede77f16789,Tesse Meurs,34,Netherlands
2ae57ae7-a01a-4eba-ab22-6ae76e9a9a30,Clarence Morrison,43,Ireland
e65c718b-d281-42d4-abfd-6187873e3113,Elisabete Mathieu,56,Switzerland
7f6be313-8320-48ef-98e8-85612c45bbdd,Hema Nagane,81,India
9f48c09b-409c-45a8-a043-60ca064d28ad,Galina Kitić,64,Serbia
de6a54dd-71dc-45b5-b181-101e92de45e3,Erkan Tölle,31,Germany
4c2d4e01-4ccb-42b8-802f-0f8be99c6c93,Martha Allen,81,Australia
d7477a8d-78f3-413e-9582-fe1c3fd29878,Isobel Ward,42,United States
dee7ddb8-453b-49f0-9c53-060160ca09b6,Gerardo Ibarra,49,Mexico
21f61cb1-11bd-46a0-b8cf-a2cab6e4cd5e,Mason Morrison,61,United Kingdom
b3f88d8a-409f-4e6e-8432-326009d17da1,Adam Bouchard,29,Canada
cab9a766-9386-4c2b-b9b0-2a7c19646367,Anton Olsen,43,Denmark
a456c444-5117-4f0a-9ce2-22286d2d0f71,Sevgi Op 't Hof,33,Netherlands
0d4ce96b-47f2-432d-b82d-ae65aa90f64b,Hazel Williams,45,New Zealand
c6f2052b-9d57-43e3-8a97-ac903ea7334b,Jack Hudson,35,Ireland
d4f5718f-abb0-45a7-bff5-5a991c80b2b4,امیر محمدخان,33,Iran
af98a8ff-e078-4253-9f65-47271cd8ee99,Yatin Keshri,51,India
bff3024c-4375-4bad-82a2-02a5a36392c5,Rosie Barnes,31,United Kingdom
87663c75-f0c0-4449-b7af-15a80ba263a9,Grgur Popović,29,Serbia
6d986333-975d-4c81-b018-1c81527875f9,حامد حیدری,36,Iran
62be773e-83f9-4460-b837-3df802affc3d,Parimala Shetty,69,India
08454dbf-645b-40ca-bf4e-651d4f27a942,Fatih Nebioğlu,58,Turkey
8507ac92-8872-4e7f-8212-519a240fece8,Frederica Farias,43,Brazil
71b16b14-3feb-4ad4-a1a3-1f1523a70129,Zeb Hersbach,71,Netherlands
404aca9f-38c9-40d0-8094-03481edbcd81,Theodore Snyder,57,United Kingdom
92e58ddf-4ba0-4960-ad5e-6266c680b20b,Emil Nielsen,65,Denmark
7f78b29b-90d5-4edf-a0f8-f1f8d39cce6e,Sifredo Araújo,79,Brazil
8ff2dc4b-dca7-4e8b-b1a5-7522ae380452,Zlotan Petrina,41,Ukraine
8bb5e037-3778-4365-8dc1-f37fbb7669c3,Hermann Josef Götte,31,Germany
f2877ad5-c935-4310-9b11-2b9439f479fd,Rafael Velasco,60,Spain
eaa0d93f-b9d3-41fa-ba63-c3331ffb4f3c,Lloyd Green,56,United Kingdom
7f63c488-4358-4fff-8e66-3589c07833a5,Malou Olsen,36,Denmark
137eb4a3-f2e7-43df-a3ea-964a78d04209,Alyssa Meyer,53,France
d9e7bc19-f494-46e3-a6d4-d67a77330aa3,Inés Carrasco,56,Spain
d5d6afe7-baf0-4b79-ac8a-2513a65f1d3e,Fatma Solmaz,76,Turkey
b5179d03-346a-4b9e-8942-d41809262852,Neivana Araújo,35,Brazil
9cbb8574-5926-4a0b-8f97-623b420ff365,Kelly Holt,38,Ireland
db091174-6eb0-4301-9393-5e8d7c3730fa,Denis Bjordal,72,Norway
84d6fe5b-a2ed-4b48-abd3-587916902904,Daniel Taylor,41,New Zealand
aee2c3e7-e814-4e07-b5fe-4cc6e810e40a,Alisha Rodriguez,69,Switzerland
2d954285-5539-425b-b340-93360cab8245,محمدپارسا كامياران,50,Iran
142a8542-d5a2-4e8a-8e00-8bb42d24ebf7,Minttu Tuomala,64,Finland
09a36ef1-0cf3-4545-8190-f4353042e29b,Philip Rasmussen,35,Denmark
b6327d26-aa1d-4aff-befc-18b5c49c6cd4,Clara May,49,Germany
261c3d2d-f8be-4fe2-8208-56ff1b68e30c,Musiy Pauchenko,41,Ukraine
ea281f8a-2887-495e-83e0-d06092089816,Deeksha Keshri,72,India
15962aea-a3f4-4731-8b6a-b369a09e5ba2,Veronica Brewer,54,Australia
2e954abc-6a22-4235-b65e-047a454c9bb4,Guneet Bhat,66,India
a51687d0-72ed-403e-8990-fb75c83e5d86,Samuel Campbell,79,Canada
46c39806-5ad5-46f8-b6b2-721f593ad3b9,Nora Knopf,39,Germany
c18e2d44-0e25-490f-88fb-4ca6d6c4c18c,Medorada Skoropadskiy,55,Ukraine
1ed39093-731c-489a-b276-0871799c0fc7,Katelijn Bruijnes,73,Netherlands
664cf432-a9e0-428e-9eb2-0829a7aea614,Sophia Singh,74,New Zealand
f3cac9ce-9c86-44b2-97c1-cd24ad1eff3c,Florian Gonzalez,74,Switzerland
8404a93f-d6d1-44d0-923f-bba442b3342d,Sylvester Seyfarth,57,Germany
8fba9e83-054a-4413-a0aa-1a33b83c3a89,بردیا سلطانی نژاد,39,Iran
900f3414-c79f-4aff-8ee8-cf712ee5b2d3,Alexander Smith,34,Canada
3fbe16a4-e0fd-4341-96f5-4d35f1b7fd7b,Hercília das Neves,31,Brazil
43f6fb81-5043-4774-96f0-a17833f1a0bd,Noémie Ross,79,Canada
e7f989b1-2180-4498-9688-605c257df79e,Edna Hill,53,Australia
c2ffdd21-f266-4554-ab0e-3a3b1293dc8f,Rosa Pedersen,63,Denmark
98eae76e-7395-450d-93cb-5c7db8d640b6,Concepción Romero,32,Spain
adc6f37c-42f4-4c62-ab52-9dbb88468f51,Chernin Pelehatiy,66,Ukraine
333cad65-4ca7-4e15-930b-5530ca3a1567,Lucas Pedersen,44,Denmark
5b8017e0-1d55-4de9-bff4-aca1459a221a,Josefa Ortiz,38,Spain
2e853b27-362b-4b9f-86a5-6335f85f50a1,Erdmute Nordmann,75,Germany
03588b45-196c-490e-870c-da0b4841a533,Krishna Uchil,76,India
94b9a940-4a13-4b71-bb13-e5753c57fb56,Sue Brown,40,Australia
51095d93-040a-4746-b0a2-08f1c1c42843,Kenneth Bates,74,Australia
803b775d-5529-4c2c-aea2-c2614c1d86b2,Jimi Wirta,38,Finland
f6286df3-af01-4730-b3b6-93974ed6598d,Melike Çetin,54,Turkey
409dceaa-a32b-421e-afd8-6bfea9d3625c,حامد موسوی,68,Iran
1759b881-730d-4c80-9d31-d46f70ae2931,Marcus Patterson,79,Australia
0bb30020-2d9d-41b3-809b-4c7a888b10fe,Grace Neal,67,Ireland
2bd6a655-db38-4569-91b5-1176964d92c9,Espartaco Candelaria,40,Mexico
480e0e1e-4eb5-487b-aff9-6e04ee4d3f79,Bradley Lane,62,Ireland
cbb23163-9bde-4f46-a851-2b0cb261c318,Elisa Arevalo,25,Mexico
d97e6262-2dd6-4c64-b1b1-6886f932b218,Pramila Mardhekar,39,India
6bb2eb77-bd5c-44c2-be2e-f63262d0e0fe,Zoe Lavoie,80,Canada
41ff44a0-b1f0-4123-bb23-012d72187caa,Louis Leroux,33,France
2f6ad430-e3e2-492d-8752-9494a41f4761,Adam Green,35,New Zealand
a82fd124-0eb7-4c2d-a0e5-fca258aea086,Gerardo Duran,36,Spain
c3632f18-e6cb-4840-98af-2e1823a16b5b,Dwayne Robinson,79,United Kingdom
443cde91-77bb-4b88-adaa-89eddb601953,Aron Brun,35,Switzerland
6431dd54-6f10-403c-a9d9-ab66f1ab3783,Giray Baykam,40,Turkey
036929a1-b752-41ba-ab35-042fb30de29a,Vildan Tütüncü,51,Turkey
9d8b213d-69f4-49f2-abb6-1cd1b09cdf1e,Kristin Duncan,31,United Kingdom
ae8d269e-ec2f-4c21-ae7b-b9d6db214e04,Poppy Hall,70,New Zealand
9353fa62-2f48-4904-87e4-f0830d680df1,Corina Bonnet,41,Switzerland
28d90413-9c2e-4b62-a670-7614271fc43e,Enya Fleury,39,Switzerland
1052030b-3f4b-4138-a628-a9e7197b2ef7,Sabrina Kondracka,77,Ukraine
68d4302b-c2c8-48c3-b0c6-18f73cef8af0,Annabelle Mitchell,51,Canada
952ee26d-2e1a-4707-bbe4-ecf2f80a006c,Enni Wuori,45,Finland
47f0aae4-603d-4ce5-917d-ebbf9722de5c,Zahar Nikitenko,26,Ukraine
3431a537-f55c-4833-a7e3-21e93dce779b,Divyesh Shet,72,India
a17957c7-50cf-4db5-8ac6-806b96a080f8,Milivoje Tripković,60,Serbia
03237f08-90a8-495b-80b0-78567ed816f1,Bazhana Blazheyovskiy,40,Ukraine
28e07232-d843-410e-8338-c7164c6aa7de,Blake Anderson,40,New Zealand
5e5d240b-dc58-4388-8509-b6c94b5333e2,Rogelio Mesa,72,Mexico
8c9db19c-049c-4221-91f2-96720cf1a86d,Grace Spencer,26,United States
f14e6a2a-e713-4e05-92d3-2f3a23c89e92,حسین سهيلي راد,40,Iran
e803f1eb-9686-4fa0-9bd6-5dfd706927d7,Timóteo Lima,32,Brazil
988d7a65-be01-4b3d-95c1-05b237a93b29,Eduard Müller,71,Netherlands
6a0a3a89-7b2c-48e4-9876-3c09ece256a6,Sneha Prajapati,49,India
3fd6569d-bd10-4114-b8ed-7389dbff35cd,Bruce George,69,Australia
d81adbf5-9f59-468d-bcda-c353dce37beb,اميرحسين مرادی,65,Iran
de1f36da-403e-4203-a456-9a2f66be660f,Najma Helder,31,Netherlands
4c39b976-d2e2-4c2f-a9c9-6f2a48d40476,Jasmine Williams,26,Canada
6296bec1-6737-400e-bf82-084f60245ee8,Nazariy Shaparenko,29,Ukraine
50b7059e-3aab-4a4a-8b34-6625521d38b0,Nathaniel West,56,United States
e6962540-5e07-4941-973a-ca385b35b926,Asta Sørensen,50,Denmark
645300c8-eda1-4b9f-9fe5-bb0f0a681b60,Vildan Sepetçi,29,Turkey
ffa66787-a078-4e8c-95ca-8c1a6a5bf50e,Ava Walker,34,Canada
4cdb55e5-2777-48e2-aac3-7f998e1e3471,Flora Masson,51,France
cd8bf46a-e047-4c4a-930a-b7b5a712c223,German Vidal,55,Spain
aecf09e6-9c2f-498b-b9ad-7a32bfe6d5d1,Natalie Jordan,51,Australia
c05be799-8d3f-46bf-b1fd-363106af4ba8,Álvaro Bravo,46,Spain
7dbe788c-5f4f-4176-a261-879f2d75cd09,Nehrika Prabhakaran,64,India
b1ef7426-2f7f-44cb-8340-fb78bf071c5f,Jesse Latt,42,Finland
7cb3a9ec-7bca-4dfe-ba22-57a8e19d374f,Kasper Kofoed,32,Norway
e7e3aeb9-c194-4532-ba77-6ab2c01e3e76,Dana Bradley,36,Australia
29ffb15a-d444-4e07-9fbc-4bd7eafdd012,Jimi Maki,38,Finland
f93943af-3a35-467c-a11f-a65df783837c,Anton Christiansen,43,Denmark
db08e301-f408-4c53-999d-aba9784bbcf7,Julia Denys,56,Canada
d477c770-4a9a-4f92-8b0c-7f01a7c76e93,Kamile Hatzmann,38,Netherlands
356e6af5-7478-4c16-834b-2574da85eb65,Laksh Mendonsa,34,India
68d8ad87-fb5b-4100-a335-8406f7a9c1b4,Malu Carvalho,63,Brazil
d744958c-d7de-4de2-a403-1dc09de3c492,Lilianne Hadderingh,78,Netherlands
8df60fb7-3db8-4371-add2-4476b4fb8402,Fatih Çamdalı,58,Turkey
90fbf3dc-cf79-4189-9ba9-08e6d41100a6,Kaïs Martinez,47,France
2ab0b0d5-5def-449c-b860-7bdbc15c0c99,Vildan Taşçı,33,Turkey
f063145f-8d7a-4c71-9faa-8f08d549d474,Mary Smørdal,68,Norway
913f1264-160c-49a6-b290-61f18089f72f,Jasper Thomas,52,New Zealand
514735c3-4640-4150-9a70-785abc8759f5,Jovana Petković,61,Serbia
d1b8989f-61b4-476e-8268-079867b0416f,Braxton White,68,New Zealand
58e69bed-d14e-40cc-9311-70b31583dc1a,كيان سالاری,79,Iran
d0ecd190-eac8-446a-8150-2c0815150f70,Momčilo Ivanović,45,Serbia
c93f5495-6586-4525-b0f3-fac4c1d355c7,Yasnogor Shovkoplyas,62,Ukraine
f24dfdfd-6cbf-4337-a145-125eb3e6d076,Heidy Duval,37,Switzerland
979874a0-f50d-4e2f-90d5-c845fdfa3e2c,Gracia Bahadoer,69,Netherlands
237ff01e-45ce-4db0-a678-75805471689f,Abigail Carroll,52,Ireland
e6721b5a-dfa9-43fe-8bae-f57e9502de53,Lilou Morel,61,France
31c64b33-54e8-4e33-b180-bba33c24cebb,Veena Mendonsa,74,India
1fe3e730-105d-4cd2-babe-65d9080b41c9,Dejan Žikić,60,Serbia
f272ea17-6e8a-484e-bb74-60f0fb68d2d8,Lucille Powell,57,United States
2ae54c54-740e-4398-8f5c-abcaf2d62567,Jo-Anne Korf,68,Netherlands
0c9f7981-f2e5-435f-a809-86a51fda82af,Selmo Castro,26,Brazil
fde43dfe-2220-4432-bab9-00d3ddb0cc6d,Rose Claire,74,Canada
f4bdf0f1-da28-4af1-8f4d-f2822ccd4c14,Suzanne Marie,37,Switzerland
bca205ea-a4ea-4cda-be60-9d8d12b64879,Kabir Mugeraya,78,India
8446a099-370f-4890-9202-5802b661fc6f,Hilda Corrales,30,Mexico
e9e7f783-9f48-4142-b951-10830f0b4b65,Božidar Vrhovac,71,Serbia
76e0df68-04b3-4f8d-b17a-386c250fbd19,Dinand Roffel,75,Netherlands
7f2b10bb-3b06-446a-bf91-d59305750b4a,Camille Bélanger,59,Canada
9b689544-10ce-4bf1-afd4-3fcfac48fdde,Anthony Faure,34,France
97b20396-7dcb-4ff2-a49d-91dce5edc65e,Albin Rey,64,Switzerland
7bb751da-bdac-4f0b-ac25-d540bb496fa3,Varo Peixoto,27,Brazil
e7392a8a-3390-47c6-a1fe-c28ba5474890,Diego Lozano,45,Spain
758bb4db-87ca-4cb7-a944-0540570f48dd,Gioia Brosens,30,Netherlands
5812dde3-5e0c-4c8c-98ab-ff5a27b64894,Alma Voogd,78,Netherlands
7b2e1b6d-c8ca-4f4e-bfc0-2d5e91180f89,Juliette Barbier,56,France
6fb4593c-11d7-4f53-9731-c9bbbf665c91,Ramon Bravo,79,Spain
7c9838dc-bba7-4fc8-9eb0-83735bb51d3b,Henry Kleiveland,41,Norway
a209208d-583d-4c25-98a8-2098d85746ab,Meral Oraloğlu,27,Turkey
b5c873c8-00dc-4da2-9669-694cdae3ffd9,Jennefer Schuurs,62,Netherlands
6e9c97eb-c525-4015-beb8-cbe5d4670a9a,Zenilda das Neves,68,Brazil
2864573e-896e-4226-93a0-a3c8c910e564,Tom Brewer,60,Ireland
407857ad-e162-40b2-9c02-56be508b6ab4,Giulia Rodriguez,26,France
b58363f2-2a53-4029-b5ed-d85a8a2947ff,Guarani Gomes,52,Brazil
ae1f2553-0e9c-4b27-a2b2-b787c02a22da,Ruben Menard,63,France
4c35ee13-6d52-48a0-b63d-f6709f58dfad,Pitágoras Carvalho,30,Brazil
2e71698b-2863-4a75-9f67-3426acd05d95,Noélia Monteiro,61,Brazil
8930fe33-b16b-47d5-b663-2d18ff807a8f,Thea Thomsen,49,Denmark
58f55428-9515-41fe-817d-b1f94988547d,Bakhshi Banerjee,45,India
8a447214-b40e-4c9d-82ff-c5ae65e12031,محمدپارسا حسینی,67,Iran
1b45be52-88e3-41d1-9c85-20f4b4d7d091,Topias Ruona,49,Finland
c9bc65d2-42f2-4d7a-92da-5c36979e7fd8,Stanley Pearson,41,Ireland
510ceda2-e44c-44e8-87e9-ecbb76eab22c,Marie Sørensen,36,Denmark
86f97b96-adf3-4c00-8a19-31287527ee94,Carl Johansen,44,Denmark
53599c51-ba17-4f94-b0d4-94011d2ba9d2,Vedat Kumcuoğlu,74,Turkey
70e3af35-ec2f-464e-af3f-d4957f8f2d37,Anthony Harris,57,Canada
49ee6bbb-fa3f-419e-be8f-e1b1885c7fd7,Alyshia Bogerd,54,Netherlands
57162c52-539d-4f0a-8696-b8f55f83f51e,Arturo Castellanos,65,Mexico
58193e55-c9cf-4aef-af73-35fac36da65f,Charlotte Smith,58,New Zealand
f52cae74-5e26-4f54-baab-0638291af8c8,Madhumita Shukla,48,India
6cac35b7-db4c-4611-a950-5fbd3db0b5cf,Carline Meerdink,55,Netherlands
e6f2711e-cb84-4279-b2af-43d5a12be9b8,Kenneth Morris,77,Ireland
f40f7929-c944-4426-8edb-334dc1666ec9,شایان حیدری,45,Iran
7a0f1f91-efd3-4b80-8822-fc76faa5291d,Ava Brown,33,New Zealand
6305c1b4-a7b7-4c2c-8010-cdf91b5f51ee,Ružica Šijan,77,Serbia
9a58a974-7b09-4723-81b2-d0af95ceebd9,Mandy Perkins,34,Ireland
89e13d17-3ad0-4ae9-80f5-e91d26ed01e5,Oscar Romero,32,Spain
8d60c80c-021c-4932-a88c-6ef78cd8e252,Edward Kumar,31,New Zealand
edbc152b-f68b-4339-aac6-43424564e17a,Carolina Rodríguez,78,Spain
1f4573a2-1b01-4a84-909a-c37335141422,Augustas Gangstad,26,Norway
71fff63e-f111-4942-9c0d-90247e4ebd8b,Helmer Støylen,62,Norway
8661c256-4537-4da9-a98e-e26f8bde5b0f,Marcus Mendes,38,Brazil
0449c430-9c36-49c2-a114-6cf56542a751,Nagraj Bansal,45,India
4114d2c2-2c41-4d0b-a4e0-a2772e87ba1f,Andy Clark,47,Ireland
40dc9fe2-feb2-4741-8f83-0748cf85911a,Diego Rolland,69,France
8c83b0b8-a36e-449b-a400-1fb9991754c8,Afşar Örge,48,Turkey
