user_id,gender,country,age_group
1,,Iran,60+
2,,Iran,45-60
3,,Germany,45-60
4,,Ukraine,18-30
5,,Denmark,60+
6,,United Kingdom,60+
7,,New Zealand,45-60
8,,Turkey,45-60
9,,Canada,60+
10,,Iran,30-45
11,,Denmark,45-60
12,,Canada,30-45
13,,United Kingdom,60+
14,,United Kingdom,45-60
15,,Denmark,30-45
16,,Switzerland,45-60
17,,Australia,45-60
18,,Ireland,45-60
19,,Brazil,60+
20,,India,30-45
21,,Canada,45-60
22,,Canada,30-45
23,,United Kingdom,30-45
24,,United Kingdom,30-45
25,,Ukraine,30-45
26,,Iran,45-60
27,,Canada,45-60
28,,Ukraine,60+
29,,United Kingdom,30-45
30,,Spain,45-60
31,,India,60+
32,,India,60+
33,,Netherlands,45-60
34,,Australia,60+
35,,Norway,30-45
36,,Norway,60+
37,,Switzerland,60+
38,,Serbia,60+
39,,Brazil,18-30
40,,United Kingdom,60+
41,,Germany,60+
42,,Finland,60+
43,,Switzerland,30-45
44,,Ukraine,60+
45,,Denmark,60+
46,,Turkey,60+
47,,Serbia,45-60
48,,Canada,45-60
49,,Germany,60+
50,,France,18-30
51,,Mexico,30-45
52,,Brazil,45-60
53,,Mexico,60+
54,,Ukraine,30-45
55,,India,60+
56,,United Kingdom,45-60
57,,Netherlands,18-30
58,,Germany,45-60
59,,India,60+
60,,Brazil,18-30
61,,Iran,30-45
62,,Norway,18-30
63,,Denmark,45-60
64,,Serbia,30-45
65,,Germany,18-30
66,,Iran,60+
67,,Brazil,45-60
68,,Brazil,18-30
69,,Iran,60+
70,,Serbia,30-45
71,,Germany,60+
72,,Ukraine,45-60
73,,Ukraine,45-60
74,,India,30-45
75,,United States,18-30
76,,Finland,60+
77,,Finland,30-45
78,,France,60+
79,,Brazil,60+
80,,New Zealand,45-60
81,,Ukraine,30-45
82,,New Zealand,60+
83,,Serbia,45-60
84,,Ukraine,30-45
85,,Turkey,60+
86,,Norway,60+
87,,Ireland,45-60
88,,Australia,30-45
89,,Ireland,30-45
90,,India,45-60
91,,Netherlands,60+
92,,India,18-30
93,,Brazil,60+
94,,Serbia,60+
95,,Serbia,60+
96,,Iran,45-60
97,,Norway,45-60
98,,Denmark,60+
99,,Iran,45-60
100,,Finland,45-60
101,,France,45-60
102,,Finland,18-30
103,,Norway,60+
104,,Netherlands,30-45
105,,India,60+
106,,Netherlands,45-60
107,,Turkey,45-60
108,,Germany,60+
109,,Iran,18-30
110,,Spain,30-45
111,,Netherlands,18-30
112,,Australia,30-45
113,,United Kingdom,18-30
114,,Denmark,45-60
115,,Ukraine,45-60
116,,Brazil,45-60
117,,New Zealand,30-45
118,,Germany,30-45
119,,Brazil,60+
120,,Spain,60+
121,,France,45-60
122,,United States,60+
123,,Finland,18-30
124,,Finland,60+
125,,India,60+
126,,Germany,60+
127,,United Kingdom,18-30
128,,Finland,45-60
129,,Iran,45-60
130,,Norway,60+
131,,Brazil,45-60
132,,United States,45-60
133,,Brazil,60+
134,,Ukraine,18-30
135,,Germany,45-60
136,,Switzerland,60+
137,,Netherlands,60+
138,,United Kingdom,30-45
139,,Finland,60+
140,,Australia,30-45
141,,Netherlands,60+
142,,United States,60+
143,,France,30-45
144,,Australia,45-60
145,,Ireland,45-60
146,,Turkey,45-60
147,,Netherlands,30-45
148,,United States,30-45
149,,United States,45-60
150,,United States,60+
151,,Serbia,45-60
152,,Finland,60+
153,,United States,60+
154,,India,30-45
155,,Serbia,18-30
156,,Spain,45-60
157,,India,18-30
158,,Turkey,45-60
159,,Netherlands,18-30
160,,Ukraine,45-60
161,,Ireland,45-60
162,,Canada,45-60
163,,India,30-45
164,,Ukraine,30-45
165,,Spain,60+
166,,Canada,30-45
167,,New Zealand,60+
168,,Denmark,45-60
169,,Serbia,60+
170,,Netherlands,18-30
171,,New Zealand,45-60
172,,Ukraine,60+
173,,New Zealand,45-60
174,,Mexico,18-30
175,,Serbia,45-60
176,,Spain,60+
177,,Canada,60+
178,,Turkey,45-60
179,,Denmark,60+
180,,Canada,45-60
181,,Norway,18-30
182,,United States,45-60
183,,United Kingdom,60+
184,,Norway,60+
185,,Norway,60+
186,,Australia,45-60
187,,Switzerland,60+
188,,Switzerland,60+
189,,United States,30-45
190,,Spain,18-30
191,,Ireland,45-60
192,,United States,30-45
193,,Germany,45-60
194,,Serbia,60+
195,,Turkey,30-45
196,,United States,60+
197,,United Kingdom,18-30
198,,Turkey,30-45
199,,New Zealand,60+
200,,Australia,60+
201,,France,30-45
202,,United States,30-45
203,,Denmark,18-30
204,,United Kingdom,60+
205,,India,30-45
206,,Australia,30-45
207,,Netherlands,45-60
208,,United Kingdom,30-45
209,,Iran,30-45
210,,Finland,45-60
211,,New Zealand,60+
212,,Denmark,60+
213,,Iran,45-60
214,,Ireland,18-30
215,,Brazil,30-45
216,,Finland,30-45
217,,Serbia,60+
218,,Germany,60+
219,,Canada,30-45
220,,Norway,45-60
221,,Iran,60+
222,,Ireland,60+
223,,Norway,30-45
224,,United Kingdom,30-45
225,,Ireland,60+
226,,Switzerland,45-60
227,,Iran,18-30
228,,Brazil,30-45
229,,New Zealand,60+
230,,Canada,18-30
231,,Norway,45-60
232,,Ukraine,60+
233,,Brazil,18-30
234,,Canada,60+
235,,United States,45-60
236,,United States,30-45
237,,Switzerland,60+
238,,India,30-45
239,,Germany,45-60
240,,Turkey,18-30
241,,Denmark,30-45
242,,Norway,30-45
243,,Mexico,45-60
244,,United Kingdom,45-60
245,,Australia,60+
246,,Finland,60+
247,,Norway,60+
248,,Finland,45-60
249,,Iran,60+
250,,Ukraine,30-45
251,,Turkey,45-60
252,,Turkey,60+
253,,Netherlands,60+
254,,Netherlands,60+
255,,Ireland,30-45
256,,Ireland,45-60
257,,Norway,45-60
258,,Finland,18-30
259,,Germany,45-60
260,,United Kingdom,60+
261,,Ireland,45-60
262,,Switzerland,60+
263,,France,30-45
264,,Ireland,60+
265,,Germany,45-60
266,,Canada,60+
267,,Serbia,30-45
268,,United Kingdom,60+
269,,Mexico,45-60
270,,Brazil,60+
271,,New Zealand,30-45
272,,Iran,45-60
273,,France,45-60
274,,Switzerland,45-60
275,,Ukraine,30-45
276,,Ireland,18-30
277,,Spain,45-60
278,,New Zealand,60+
279,,Turkey,30-45
280,,United Kingdom,45-60
281,,Finland,45-60
282,,Netherlands,45-60
283,,Serbia,18-30
284,,Ireland,60+
285,,India,30-45
286,,United Kingdom,60+
287,,Netherlands,45-60
288,,India,45-60
289,,Ukraine,60+
290,,Ireland,30-45
291,,Turkey,30-45
292,,India,18-30
293,,Denmark,60+
294,,Norway,45-60
295,,Denmark,30-45
296,,India,30-45
297,,Iran,18-30
298,,New Zealand,30-45
299,,Mexico,60+
300,,Brazil,60+
301,,Mexico,60+
302,,Mexico,45-60
303,,United Kingdom,45-60
304,,Ukraine,60+
305,,Australia,45-60
306,,India,60+
307,,Canada,45-60
308,,France,30-45
309,,Brazil,45-60
310,,Norway,60+
311,,Norway,60+
312,,Mexico,45-60
313,,Denmark,60+
314,,India,30-45
315,,Turkey,45-60
316,,United Kingdom,60+
317,,Turkey,60+
318,,Norway,60+
319,,Ireland,18-30
320,,Germany,45-60
321,,New Zealand,45-60
322,,United States,45-60
323,,Brazil,30-45
324,,United Kingdom,45-60
325,,Ukraine,60+
326,,Mexico,45-60
327,,Ireland,45-60
328,,Ireland,30-45
329,,France,45-60
330,,France,30-45
331,,Brazil,60+
332,,Serbia,30-45
333,,New Zealand,60+
334,,Spain,45-60
335,,Finland,30-45
336,,Canada,45-60
337,,Germany,30-45
338,,India,18-30
339,,Switzerland,18-30
340,,Finland,45-60
341,,Serbia,18-30
342,,Turkey,18-30
343,,Canada,60+
344,,Germany,45-60
345,,Norway,60+
346,,Finland,45-60
347,,United Kingdom,60+
348,,United Kingdom,60+
349,,Norway,60+
350,,United Kingdom,60+
351,,Switzerland,60+
352,,Mexico,60+
353,,Spain,30-45
354,,Turkey,60+
355,,Brazil,60+
356,,Ireland,30-45
357,,Spain,45-60
358,,Mexico,45-60
359,,Ukraine,30-45
360,,Iran,60+
361,,India,60+
362,,Germany,45-60
363,,Ukraine,45-60
364,,Ireland,45-60
365,,Norway,30-45
366,,Mexico,45-60
367,,Switzerland,60+
368,,Iran,30-45
369,,United States,60+
370,,India,45-60
371,,Canada,45-60
372,,Finland,60+
373,,Canada,30-45
374,,Ireland,45-60
375,,Ukraine,60+
376,,Norway,30-45
377,,France,60+
378,,Turkey,45-60
379,,Ireland,45-60
380,,Iran,45-60
381,,Australia,60+
382,,Netherlands,60+
383,,Norway,45-60
384,,Brazil,60+
385,,Finland,45-60
386,,Ireland,30-45
387,,United Kingdom,60+
388,,Canada,30-45
389,,India,30-45
390,,Brazil,60+
391,,Germany,45-60
392,,Serbia,18-30
393,,Ireland,45-60
394,,Serbia,45-60
395,,Canada,30-45
396,,Australia,18-30
397,,United Kingdom,30-45
398,,Norway,45-60
399,,France,45-60
400,,Finland,45-60
401,,United Kingdom,60+
402,,Canada,30-45
403,,India,60+
404,,Iran,30-45
405,,Germany,45-60
406,,Turkey,60+
407,,Norway,45-60
408,,Ireland,45-60
409,,Germany,45-60
410,,Australia,60+
411,,Turkey,45-60
412,,New Zealand,60+
413,,Switzerland,18-30
414,,Spain,60+
415,,United States,45-60
416,,Netherlands,60+
417,,France,30-45
418,,Brazil,18-30
419,,Mexico,60+
420,,Finland,30-45
421,,Norway,30-45
422,,Brazil,60+
423,,United States,60+
424,,United States,30-45
425,,Australia,45-60
426,,Switzerland,60+
427,,Ukraine,30-45
428,,Norway,45-60
429,,New Zealand,60+
430,,Mexico,45-60
431,,Germany,60+
432,,Netherlands,30-45
433,,Denmark,45-60
434,,Iran,30-45
435,,Ukraine,45-60
436,,Serbia,60+
437,,Turkey,60+
438,,United Kingdom,30-45
439,,Netherlands,60+
440,,Ireland,30-45
441,,New Zealand,45-60
442,,United States,60+
443,,United States,60+
444,,Netherlands,45-60
445,,Switzerland,30-45
446,,Serbia,60+
447,,New Zealand,45-60
448,,Germany,45-60
449,,Switzerland,60+
450,,Ireland,45-60
451,,Finland,60+
452,,Denmark,45-60
453,,Iran,45-60
454,,Brazil,60+
455,,Brazil,18-30
456,,United States,30-45
457,,Serbia,45-60
458,,Mexico,60+
459,,India,18-30
460,,Finland,60+
461,,Switzerland,45-60
462,,India,30-45
463,,United Kingdom,30-45
464,,New Zealand,60+
465,,India,60+
466,,United States,30-45
467,,Serbia,60+
468,,Turkey,45-60
469,,Turkey,45-60
470,,Switzerland,45-60
471,,Norway,60+
472,,Germany,45-60
473,,India,60+
474,,France,60+
475,,Turkey,45-60
476,,Netherlands,60+
477,,Brazil,18-30
478,,India,45-60
479,,Ukraine,60+
480,,New Zealand,30-45
481,,Spain,18-30
482,,Spain,30-45
483,,Denmark,45-60
484,,United Kingdom,30-45
485,,Ukraine,18-30
486,,United States,45-60
487,,Switzerland,60+
488,,Finland,18-30
489,,Australia,30-45
490,,Netherlands,60+
491,,Netherlands,30-45
492,,Germany,45-60
493,,India,18-30
494,,Netherlands,60+
495,,Netherlands,60+
496,,Denmark,45-60
497,,Finland,60+
498,,Spain,30-45
499,,Iran,30-45
500,,Germany,45-60
501,,Turkey,30-45
502,,Switzerland,60+
503,,Mexico,60+
504,,Germany,30-45
505,,Finland,60+
506,,Netherlands,30-45
507,,India,30-45
508,,Denmark,30-45
509,,Denmark,30-45
510,,Canada,30-45
511,,Ukraine,30-45
512,,Mexico,60+
513,,Denmark,60+
514,,France,18-30
515,,Germany,60+
516,,Brazil,30-45
517,,Netherlands,30-45
518,,Denmark,30-45
519,,France,60+
520,,France,60+
521,,United States,45-60
522,,Turkey,60+
523,,Serbia,60+
524,,United Kingdom,30-45
525,,Iran,60+
526,,Mexico,45-60
527,,Mexico,30-45
528,,Brazil,18-30
529,,Finland,45-60
530,,United States,18-30
531,,Ukraine,45-60
532,,France,18-30
533,,Iran,30-45
534,,Germany,60+
535,,Norway,30-45
536,,Spain,60+
537,,Ukraine,30-45
538,,Netherlands,45-60
539,,Norway,60+
540,,Serbia,30-45
541,,United Kingdom,45-60
542,,Brazil,18-30
543,,Finland,18-30
544,,Denmark,45-60
545,,Australia,60+
546,,Norway,60+
547,,Netherlands,60+
548,,Turkey,60+
549,,United Kingdom,30-45
550,,United Kingdom,60+
551,,Serbia,30-45
552,,Spain,18-30
553,,United States,30-45
554,,Iran,45-60
555,,Netherlands,45-60
556,,Serbia,18-30
557,,Australia,60+
558,,Switzerland,45-60
559,,Norway,45-60
560,,India,60+
561,,Canada,60+
562,,Switzerland,30-45
563,,Iran,45-60
564,,Netherlands,45-60
565,,France,45-60
566,,Netherlands,60+
567,,Serbia,60+
568,,Iran,60+
569,,Norway,45-60
570,,Canada,18-30
571,,Germany,45-60
572,,Denmark,60+
573,,Brazil,45-60
574,,Serbia,60+
575,,Brazil,30-45
576,,Germany,60+
577,,Canada,18-30
578,,Switzerland,18-30
579,,Germany,60+
580,,Ireland,30-45
581,,Germany,45-60
582,,Germany,60+
583,,Canada,30-45
584,,India,45-60
585,,Netherlands,30-45
586,,Canada,45-60
587,,Netherlands,30-45
588,,India,45-60
589,,Iran,45-60
590,,Brazil,30-45
591,,Netherlands,30-45
592,,United Kingdom,30-45
593,,Norway,60+
594,,Ireland,60+
595,,Denmark,30-45
596,,Brazil,60+
597,,New Zealand,45-60
598,,France,60+
599,,New Zealand,60+
600,,Netherlands,30-45
601,,Ireland,30-45
602,,Switzerland,45-60
603,,India,60+
604,,Serbia,60+
605,,Germany,30-45
606,,Australia,60+
607,,United States,30-45
608,,Mexico,45-60
609,,United Kingdom,60+
610,,Canada,18-30
611,,Denmark,30-45
612,,Netherlands,30-45
613,,New Zealand,30-45
614,,Ireland,30-45
615,,Iran,30-45
616,,India,45-60
617,,United Kingdom,30-45
618,,Serbia,18-30
619,,Iran,30-45
620,,India,60+
621,,Turkey,45-60
622,,Brazil,30-45
623,,Netherlands,60+
624,,United Kingdom,45-60
625,,Denmark,60+
626,,Brazil,60+
627,,Ukraine,30-45
628,,Germany,30-45
629,,Spain,45-60
630,,United Kingdom,45-60
631,,Denmark,30-45
632,,France,45-60
633,,Spain,45-60
634,,Turkey,60+
635,,Brazil,30-45
636,,Ireland,30-45
637,,Norway,60+
638,,New Zealand,30-45
639,,Switzerland,60+
640,,Iran,45-60
641,,Finland,60+
642,,Denmark,30-45
643,,Germany,45-60
644,,Ukraine,30-45
645,,India,60+
646,,Australia,45-60
647,,India,60+
648,,Canada,60+
649,,Germany,30-45
650,,Ukraine,45-60
651,,Netherlands,60+
652,,New Zealand,60+
653,,Switzerland,60+
654,,Germany,45-60
655,,Iran,30-45
656,,Canada,30-45
657,,Brazil,30-45
658,,Canada,60+
659,,Australia,45-60
660,,Denmark,60+
661,,Spain,30-45
662,,Ukraine,60+
663,,Denmark,30-45
664,,Spain,30-45
665,,Germany,60+
666,,India,60+
667,,Australia,30-45
668,,Australia,60+
669,,Finland,30-45
670,,Turkey,45-60
671,,Iran,60+
672,,Australia,60+
673,,Ireland,60+
674,,Mexico,30-45
675,,Ireland,60+
676,,Mexico,18-30
677,,India,30-45
678,,Canada,60+
679,,France,30-45
680,,New Zealand,30-45
681,,Spain,30-45
682,,United Kingdom,60+
683,,Switzerland,30-45
684,,Turkey,30-45
685,,Turkey,45-60
686,,United Kingdom,30-45
687,,New Zealand,60+
688,,Switzerland,30-45
689,,Switzerland,30-45
690,,Ukraine,60+
691,,Canada,45-60
692,,Finland,30-45
693,,Ukraine,18-30
694,,India,60+
695,,Serbia,45-60
696,,Ukraine,30-45
697,,New Zealand,30-45
698,,Mexico,60+
699,,United States,18-30
700,,Iran,30-45
701,,Brazil,30-45
702,,Netherlands,60+
703,,India,45-60
704,,Australia,60+
705,,Iran,60+
706,,Netherlands,30-45
707,,Canada,18-30
708,,Ukraine,18-30
709,,United States,45-60
710,,Denmark,45-60
711,,Turkey,18-30
712,,Canada,30-45
713,,France,45-60
714,,Spain,45-60
715,,Australia,45-60
716,,Spain,45-60
717,,India,60+
718,,Finland,30-45
719,,Norway,30-45
720,,Australia,30-45
721,,Finland,30-45
722,,Denmark,30-45
723,,Canada,45-60
724,,Netherlands,30-45
725,,India,30-45
726,,Brazil,60+
727,,Netherlands,60+
728,,Turkey,45-60
729,,France,45-60
730,,Turkey,30-45
731,,Norway,60+
732,,New Zealand,45-60
733,,Serbia,60+
734,,New Zealand,60+
735,,Iran,60+
736,,Serbia,30-45
737,,Ukraine,60+
738,,Switzerland,30-45
739,,Netherlands,60+
740,,Ireland,45-60
741,,France,60+
742,,India,60+
743,,Serbia,45-60
744,,United States,45-60
745,,Netherlands,60+
746,,Brazil,18-30
747,,Canada,60+
748,,Switzerland,30-45
749,,India,60+
750,,Mexico,18-30
751,,Serbia,60+
752,,Netherlands,60+
753,,Canada,45-60
754,,France,30-45
755,,Switzerland,60+
756,,Brazil,18-30
757,,Spain,30-45
758,,Netherlands,18-30
759,,Netherlands,60+
760,,France,45-60
761,,Spain,60+
762,,Norway,30-45
763,,Turkey,18-30
764,,Netherlands,60+
765,,Brazil,60+
766,,Ireland,45-60
767,,France,18-30
768,,Brazil,45-60
769,,France,60+
770,,Brazil,18-30
771,,Brazil,60+
772,,Denmark,45-60
773,,India,30-45
774,,Iran,60+
775,,Finland,45-60
776,,Ireland,30-45
777,,Denmark,30-45
778,,Denmark,30-45
779,,Turkey,60+
780,,Canada,45-60
781,,Netherlands,45-60
782,,Mexico,60+
783,,New Zealand,45-60
784,,India,45-60
785,,Netherlands,45-60
786,,Ireland,60+
787,,Iran,30-45
788,,New Zealand,30-45
789,,Serbia,60+
790,,Ireland,30-45
791,,Spain,30-45
792,,New Zealand,30-45
793,,Spain,60+
794,,Norway,18-30
795,,Norway,60+
796,,Brazil,30-45
797,,India,30-45
798,,Ireland,45-60
799,,France,60+
800,,Turkey,45-60
